Copyright 1986-2022 Xilinx, Inc. All Rights Reserved. Copyright 2022-2025 Advanced Micro Devices, Inc. All Rights Reserved.
---------------------------------------------------------------------------------------------------------------------------------------------------------------------------------------------------------------------------------------------------------------------------
| Tool Version : Vivado v.2025.2 (win64) Build 6299465 Fri Nov 14 19:35:11 GMT 2025
| Date         : Sat May  9 19:33:06 2026
| Host         : Sebi running 64-bit major release  (build 9200)
| Command      : report_timing_summary -max_paths 10 -routable_nets -report_unconstrained -file Pico_Blazer_Top_Level_timing_summary_routed.rpt -pb Pico_Blazer_Top_Level_timing_summary_routed.pb -rpx Pico_Blazer_Top_Level_timing_summary_routed.rpx -warn_on_violation
| Design       : Pico_Blazer_Top_Level
| Device       : 7a35ti-cpg236
| Speed File   : -1L  PRODUCTION 1.23 2018-06-13
| Design State : Routed
---------------------------------------------------------------------------------------------------------------------------------------------------------------------------------------------------------------------------------------------------------------------------

Timing Summary Report

------------------------------------------------------------------------------------------------
| Timer Settings
| --------------
------------------------------------------------------------------------------------------------

  Enable Multi Corner Analysis               :  Yes
  Enable Pessimism Removal                   :  Yes
  Pessimism Removal Resolution               :  Nearest Common Node
  Enable Input Delay Default Clock           :  No
  Enable Preset / Clear Arcs                 :  No
  Disable Flight Delays                      :  No
  Ignore I/O Paths                           :  No
  Timing Early Launch at Borrowing Latches   :  No
  Borrow Time for Max Delay Exceptions       :  Yes
  Merge Timing Exceptions                    :  Yes
  Inter-SLR Compensation                     :  Conservative

  Corner  Analyze    Analyze    
  Name    Max Paths  Min Paths  
  ------  ---------  ---------  
  Slow    Yes        Yes        
  Fast    Yes        Yes        


------------------------------------------------------------------------------------------------
| Report Methodology
| ------------------
------------------------------------------------------------------------------------------------

Rule       Severity          Description                    Violations  
---------  ----------------  -----------------------------  ----------  
TIMING-17  Critical Warning  Non-clocked sequential cell    106         
TIMING-18  Warning           Missing input or output delay  11          

Note: This report is based on the most recent report_methodology run and may not be up-to-date. Run report_methodology on the current design for the latest report.



check_timing report

Table of Contents
-----------------
1. checking no_clock (181)
2. checking constant_clock (0)
3. checking pulse_width_clock (0)
4. checking unconstrained_internal_endpoints (282)
5. checking no_input_delay (11)
6. checking no_output_delay (19)
7. checking multiple_clock (0)
8. checking generated_clocks (0)
9. checking loops (0)
10. checking partial_input_delay (0)
11. checking partial_output_delay (0)
12. checking latch_loops (0)

1. checking no_clock (181)
--------------------------
 There are 75 register/latch pins with no clock driven by root clock pin: Processor_Advance_button/q2_reg/Q (HIGH)

 There are 75 register/latch pins with no clock driven by root clock pin: Processor_Advance_button/q3_reg/Q (HIGH)

 There are 31 register/latch pins with no clock driven by root clock pin: Segmed7print/CLK_small/clk_internal_out_reg/Q (HIGH)


2. checking constant_clock (0)
------------------------------
 There are 0 register/latch pins with constant_clock.


3. checking pulse_width_clock (0)
---------------------------------
 There are 0 register/latch pins which need pulse_width check


4. checking unconstrained_internal_endpoints (282)
--------------------------------------------------
 There are 282 pins that are not constrained for maximum delay. (HIGH)

 There are 0 pins that are not constrained for maximum delay due to constant clock.


5. checking no_input_delay (11)
-------------------------------
 There are 11 input ports with no input delay specified. (HIGH)

 There are 0 input ports with no input delay but user has a false path constraint.


6. checking no_output_delay (19)
--------------------------------
 There are 19 ports with no output delay specified. (HIGH)

 There are 0 ports with no output delay but user has a false path constraint

 There are 0 ports with no output delay but with a timing clock defined on it or propagating through it


7. checking multiple_clock (0)
------------------------------
 There are 0 register/latch pins with multiple clocks.


8. checking generated_clocks (0)
--------------------------------
 There are 0 generated clocks that are not connected to a clock source.


9. checking loops (0)
---------------------
 There are 0 combinational loops in the design.


10. checking partial_input_delay (0)
------------------------------------
 There are 0 input ports with partial input delay specified.


11. checking partial_output_delay (0)
-------------------------------------
 There are 0 ports with partial output delay specified.


12. checking latch_loops (0)
----------------------------
 There are 0 combinational latch loops in the design through latch input



------------------------------------------------------------------------------------------------
| Design Timing Summary
| ---------------------
------------------------------------------------------------------------------------------------

    WNS(ns)      TNS(ns)  TNS Failing Endpoints  TNS Total Endpoints      WHS(ns)      THS(ns)  THS Failing Endpoints  THS Total Endpoints     WPWS(ns)     TPWS(ns)  TPWS Failing Endpoints  TPWS Total Endpoints  
    -------      -------  ---------------------  -------------------      -------      -------  ---------------------  -------------------     --------     --------  ----------------------  --------------------  
      5.579        0.000                      0                   51        0.152        0.000                      0                   51        4.500        0.000                       0                    65  


All user specified timing constraints are met.


------------------------------------------------------------------------------------------------
| Clock Summary
| -------------
------------------------------------------------------------------------------------------------

Clock        Waveform(ns)       Period(ns)      Frequency(MHz)
-----        ------------       ----------      --------------
sys_clk_pin  {0.000 5.000}      10.000          100.000         


------------------------------------------------------------------------------------------------
| Intra Clock Table
| -----------------
------------------------------------------------------------------------------------------------

Clock             WNS(ns)      TNS(ns)  TNS Failing Endpoints  TNS Total Endpoints      WHS(ns)      THS(ns)  THS Failing Endpoints  THS Total Endpoints     WPWS(ns)     TPWS(ns)  TPWS Failing Endpoints  TPWS Total Endpoints  
-----             -------      -------  ---------------------  -------------------      -------      -------  ---------------------  -------------------     --------     --------  ----------------------  --------------------  
sys_clk_pin         5.579        0.000                      0                   51        0.152        0.000                      0                   51        4.500        0.000                       0                    65  


------------------------------------------------------------------------------------------------
| Inter Clock Table
| -----------------
------------------------------------------------------------------------------------------------

From Clock    To Clock          WNS(ns)      TNS(ns)  TNS Failing Endpoints  TNS Total Endpoints      WHS(ns)      THS(ns)  THS Failing Endpoints  THS Total Endpoints  
----------    --------          -------      -------  ---------------------  -------------------      -------      -------  ---------------------  -------------------  


------------------------------------------------------------------------------------------------
| Other Path Groups Table
| -----------------------
------------------------------------------------------------------------------------------------

Path Group    From Clock    To Clock          WNS(ns)      TNS(ns)  TNS Failing Endpoints  TNS Total Endpoints      WHS(ns)      THS(ns)  THS Failing Endpoints  THS Total Endpoints  
----------    ----------    --------          -------      -------  ---------------------  -------------------      -------      -------  ---------------------  -------------------  


------------------------------------------------------------------------------------------------
| User Ignored Path Table
| -----------------------
------------------------------------------------------------------------------------------------

Path Group    From Clock    To Clock    
----------    ----------    --------    


------------------------------------------------------------------------------------------------
| Unconstrained Path Table
| ------------------------
------------------------------------------------------------------------------------------------

Path Group    From Clock    To Clock    
----------    ----------    --------    
(none)                                    
(none)        sys_clk_pin                 
(none)                      sys_clk_pin   


------------------------------------------------------------------------------------------------
| Timing Details
| --------------
------------------------------------------------------------------------------------------------


---------------------------------------------------------------------------------------------------
From Clock:  sys_clk_pin
  To Clock:  sys_clk_pin

Setup :            0  Failing Endpoints,  Worst Slack        5.579ns,  Total Violation        0.000ns
Hold  :            0  Failing Endpoints,  Worst Slack        0.152ns,  Total Violation        0.000ns
PW    :            0  Failing Endpoints,  Worst Slack        4.500ns,  Total Violation        0.000ns
---------------------------------------------------------------------------------------------------


Max Delay Paths
--------------------------------------------------------------------------------------
Slack (MET) :             5.579ns  (required time - arrival time)
  Source:                 Segmed7print/CLK_small/count_reg[12]/C
                            (rising edge-triggered cell FDCE clocked by sys_clk_pin  {rise@0.000ns fall@5.000ns period=10.000ns})
  Destination:            Segmed7print/CLK_small/count_reg[29]/D
                            (rising edge-triggered cell FDCE clocked by sys_clk_pin  {rise@0.000ns fall@5.000ns period=10.000ns})
  Path Group:             sys_clk_pin
  Path Type:              Setup (Max at Slow Process Corner)
  Requirement:            10.000ns  (sys_clk_pin rise@10.000ns - sys_clk_pin rise@0.000ns)
  Data Path Delay:        4.393ns  (logic 1.214ns (27.637%)  route 3.179ns (72.363%))
  Logic Levels:           5  (LUT2=1 LUT4=1 LUT5=1 LUT6=2)
  Clock Path Skew:        -0.024ns (DCD - SCD + CPR)
    Destination Clock Delay (DCD):    4.786ns = ( 14.786 - 10.000 ) 
    Source Clock Delay      (SCD):    5.085ns
    Clock Pessimism Removal (CPR):    0.275ns
  Clock Uncertainty:      0.035ns  ((TSJ^2 + TIJ^2)^1/2 + DJ) / 2 + PE
    Total System Jitter     (TSJ):    0.071ns
    Total Input Jitter      (TIJ):    0.000ns
    Discrete Jitter          (DJ):    0.000ns
    Phase Error              (PE):    0.000ns

    Location             Delay type                Incr(ns)  Path(ns)    Netlist Resource(s)
  -------------------------------------------------------------------    -------------------
                         (clock sys_clk_pin rise edge)
                                                      0.000     0.000 r  
    W5                                                0.000     0.000 r  CLK (IN)
                         net (fo=0)                   0.000     0.000    CLK
    W5                   IBUF (Prop_ibuf_I_O)         1.458     1.458 r  CLK_IBUF_inst/O
                         net (fo=1, routed)           1.967     3.425    CLK_IBUF
    BUFGCTRL_X0Y1        BUFG (Prop_bufg_I_O)         0.096     3.521 r  CLK_IBUF_BUFG_inst/O
                         net (fo=64, routed)          1.564     5.085    Segmed7print/CLK_small/CLK
    SLICE_X35Y43         FDCE                                         r  Segmed7print/CLK_small/count_reg[12]/C
  -------------------------------------------------------------------    -------------------
    SLICE_X35Y43         FDCE (Prop_fdce_C_Q)         0.419     5.504 r  Segmed7print/CLK_small/count_reg[12]/Q
                         net (fo=2, routed)           0.829     6.333    Segmed7print/CLK_small/count_reg_n_0_[12]
    SLICE_X35Y44         LUT4 (Prop_lut4_I1_O)        0.299     6.632 r  Segmed7print/CLK_small/count[30]_i_9/O
                         net (fo=1, routed)           0.440     7.073    Segmed7print/CLK_small/count[30]_i_9_n_0
    SLICE_X33Y44         LUT5 (Prop_lut5_I4_O)        0.124     7.197 r  Segmed7print/CLK_small/count[30]_i_8/O
                         net (fo=1, routed)           0.436     7.633    Segmed7print/CLK_small/count[30]_i_8_n_0
    SLICE_X35Y43         LUT6 (Prop_lut6_I5_O)        0.124     7.757 r  Segmed7print/CLK_small/count[30]_i_5/O
                         net (fo=1, routed)           0.295     8.052    Segmed7print/CLK_small/count[30]_i_5_n_0
    SLICE_X35Y44         LUT6 (Prop_lut6_I5_O)        0.124     8.176 f  Segmed7print/CLK_small/count[30]_i_2/O
                         net (fo=31, routed)          1.178     9.354    Segmed7print/CLK_small/count[30]_i_2_n_0
    SLICE_X35Y47         LUT2 (Prop_lut2_I1_O)        0.124     9.478 r  Segmed7print/CLK_small/count[29]_i_1/O
                         net (fo=1, routed)           0.000     9.478    Segmed7print/CLK_small/count[29]
    SLICE_X35Y47         FDCE                                         r  Segmed7print/CLK_small/count_reg[29]/D
  -------------------------------------------------------------------    -------------------

                         (clock sys_clk_pin rise edge)
                                                     10.000    10.000 r  
    W5                                                0.000    10.000 r  CLK (IN)
                         net (fo=0)                   0.000    10.000    CLK
    W5                   IBUF (Prop_ibuf_I_O)         1.388    11.388 r  CLK_IBUF_inst/O
                         net (fo=1, routed)           1.862    13.250    CLK_IBUF
    BUFGCTRL_X0Y1        BUFG (Prop_bufg_I_O)         0.091    13.341 r  CLK_IBUF_BUFG_inst/O
                         net (fo=64, routed)          1.445    14.786    Segmed7print/CLK_small/CLK
    SLICE_X35Y47         FDCE                                         r  Segmed7print/CLK_small/count_reg[29]/C
                         clock pessimism              0.275    15.061    
                         clock uncertainty           -0.035    15.026    
    SLICE_X35Y47         FDCE (Setup_fdce_C_D)        0.031    15.057    Segmed7print/CLK_small/count_reg[29]
  -------------------------------------------------------------------
                         required time                         15.057    
                         arrival time                          -9.478    
  -------------------------------------------------------------------
                         slack                                  5.579    

Slack (MET) :             5.593ns  (required time - arrival time)
  Source:                 Segmed7print/CLK_small/count_reg[12]/C
                            (rising edge-triggered cell FDCE clocked by sys_clk_pin  {rise@0.000ns fall@5.000ns period=10.000ns})
  Destination:            Segmed7print/CLK_small/count_reg[30]/D
                            (rising edge-triggered cell FDCE clocked by sys_clk_pin  {rise@0.000ns fall@5.000ns period=10.000ns})
  Path Group:             sys_clk_pin
  Path Type:              Setup (Max at Slow Process Corner)
  Requirement:            10.000ns  (sys_clk_pin rise@10.000ns - sys_clk_pin rise@0.000ns)
  Data Path Delay:        4.423ns  (logic 1.244ns (28.128%)  route 3.179ns (71.872%))
  Logic Levels:           5  (LUT2=1 LUT4=1 LUT5=1 LUT6=2)
  Clock Path Skew:        -0.024ns (DCD - SCD + CPR)
    Destination Clock Delay (DCD):    4.786ns = ( 14.786 - 10.000 ) 
    Source Clock Delay      (SCD):    5.085ns
    Clock Pessimism Removal (CPR):    0.275ns
  Clock Uncertainty:      0.035ns  ((TSJ^2 + TIJ^2)^1/2 + DJ) / 2 + PE
    Total System Jitter     (TSJ):    0.071ns
    Total Input Jitter      (TIJ):    0.000ns
    Discrete Jitter          (DJ):    0.000ns
    Phase Error              (PE):    0.000ns

    Location             Delay type                Incr(ns)  Path(ns)    Netlist Resource(s)
  -------------------------------------------------------------------    -------------------
                         (clock sys_clk_pin rise edge)
                                                      0.000     0.000 r  
    W5                                                0.000     0.000 r  CLK (IN)
                         net (fo=0)                   0.000     0.000    CLK
    W5                   IBUF (Prop_ibuf_I_O)         1.458     1.458 r  CLK_IBUF_inst/O
                         net (fo=1, routed)           1.967     3.425    CLK_IBUF
    BUFGCTRL_X0Y1        BUFG (Prop_bufg_I_O)         0.096     3.521 r  CLK_IBUF_BUFG_inst/O
                         net (fo=64, routed)          1.564     5.085    Segmed7print/CLK_small/CLK
    SLICE_X35Y43         FDCE                                         r  Segmed7print/CLK_small/count_reg[12]/C
  -------------------------------------------------------------------    -------------------
    SLICE_X35Y43         FDCE (Prop_fdce_C_Q)         0.419     5.504 r  Segmed7print/CLK_small/count_reg[12]/Q
                         net (fo=2, routed)           0.829     6.333    Segmed7print/CLK_small/count_reg_n_0_[12]
    SLICE_X35Y44         LUT4 (Prop_lut4_I1_O)        0.299     6.632 r  Segmed7print/CLK_small/count[30]_i_9/O
                         net (fo=1, routed)           0.440     7.073    Segmed7print/CLK_small/count[30]_i_9_n_0
    SLICE_X33Y44         LUT5 (Prop_lut5_I4_O)        0.124     7.197 r  Segmed7print/CLK_small/count[30]_i_8/O
                         net (fo=1, routed)           0.436     7.633    Segmed7print/CLK_small/count[30]_i_8_n_0
    SLICE_X35Y43         LUT6 (Prop_lut6_I5_O)        0.124     7.757 r  Segmed7print/CLK_small/count[30]_i_5/O
                         net (fo=1, routed)           0.295     8.052    Segmed7print/CLK_small/count[30]_i_5_n_0
    SLICE_X35Y44         LUT6 (Prop_lut6_I5_O)        0.124     8.176 f  Segmed7print/CLK_small/count[30]_i_2/O
                         net (fo=31, routed)          1.178     9.354    Segmed7print/CLK_small/count[30]_i_2_n_0
    SLICE_X35Y47         LUT2 (Prop_lut2_I1_O)        0.154     9.508 r  Segmed7print/CLK_small/count[30]_i_1/O
                         net (fo=1, routed)           0.000     9.508    Segmed7print/CLK_small/count[30]
    SLICE_X35Y47         FDCE                                         r  Segmed7print/CLK_small/count_reg[30]/D
  -------------------------------------------------------------------    -------------------

                         (clock sys_clk_pin rise edge)
                                                     10.000    10.000 r  
    W5                                                0.000    10.000 r  CLK (IN)
                         net (fo=0)                   0.000    10.000    CLK
    W5                   IBUF (Prop_ibuf_I_O)         1.388    11.388 r  CLK_IBUF_inst/O
                         net (fo=1, routed)           1.862    13.250    CLK_IBUF
    BUFGCTRL_X0Y1        BUFG (Prop_bufg_I_O)         0.091    13.341 r  CLK_IBUF_BUFG_inst/O
                         net (fo=64, routed)          1.445    14.786    Segmed7print/CLK_small/CLK
    SLICE_X35Y47         FDCE                                         r  Segmed7print/CLK_small/count_reg[30]/C
                         clock pessimism              0.275    15.061    
                         clock uncertainty           -0.035    15.026    
    SLICE_X35Y47         FDCE (Setup_fdce_C_D)        0.075    15.101    Segmed7print/CLK_small/count_reg[30]
  -------------------------------------------------------------------
                         required time                         15.101    
                         arrival time                          -9.508    
  -------------------------------------------------------------------
                         slack                                  5.593    

Slack (MET) :             5.747ns  (required time - arrival time)
  Source:                 Segmed7print/CLK_small/count_reg[12]/C
                            (rising edge-triggered cell FDCE clocked by sys_clk_pin  {rise@0.000ns fall@5.000ns period=10.000ns})
  Destination:            Segmed7print/CLK_small/count_reg[26]/D
                            (rising edge-triggered cell FDCE clocked by sys_clk_pin  {rise@0.000ns fall@5.000ns period=10.000ns})
  Path Group:             sys_clk_pin
  Path Type:              Setup (Max at Slow Process Corner)
  Requirement:            10.000ns  (sys_clk_pin rise@10.000ns - sys_clk_pin rise@0.000ns)
  Data Path Delay:        4.225ns  (logic 1.214ns (28.736%)  route 3.011ns (71.264%))
  Logic Levels:           5  (LUT2=1 LUT4=1 LUT5=1 LUT6=2)
  Clock Path Skew:        -0.024ns (DCD - SCD + CPR)
    Destination Clock Delay (DCD):    4.786ns = ( 14.786 - 10.000 ) 
    Source Clock Delay      (SCD):    5.085ns
    Clock Pessimism Removal (CPR):    0.275ns
  Clock Uncertainty:      0.035ns  ((TSJ^2 + TIJ^2)^1/2 + DJ) / 2 + PE
    Total System Jitter     (TSJ):    0.071ns
    Total Input Jitter      (TIJ):    0.000ns
    Discrete Jitter          (DJ):    0.000ns
    Phase Error              (PE):    0.000ns

    Location             Delay type                Incr(ns)  Path(ns)    Netlist Resource(s)
  -------------------------------------------------------------------    -------------------
                         (clock sys_clk_pin rise edge)
                                                      0.000     0.000 r  
    W5                                                0.000     0.000 r  CLK (IN)
                         net (fo=0)                   0.000     0.000    CLK
    W5                   IBUF (Prop_ibuf_I_O)         1.458     1.458 r  CLK_IBUF_inst/O
                         net (fo=1, routed)           1.967     3.425    CLK_IBUF
    BUFGCTRL_X0Y1        BUFG (Prop_bufg_I_O)         0.096     3.521 r  CLK_IBUF_BUFG_inst/O
                         net (fo=64, routed)          1.564     5.085    Segmed7print/CLK_small/CLK
    SLICE_X35Y43         FDCE                                         r  Segmed7print/CLK_small/count_reg[12]/C
  -------------------------------------------------------------------    -------------------
    SLICE_X35Y43         FDCE (Prop_fdce_C_Q)         0.419     5.504 r  Segmed7print/CLK_small/count_reg[12]/Q
                         net (fo=2, routed)           0.829     6.333    Segmed7print/CLK_small/count_reg_n_0_[12]
    SLICE_X35Y44         LUT4 (Prop_lut4_I1_O)        0.299     6.632 r  Segmed7print/CLK_small/count[30]_i_9/O
                         net (fo=1, routed)           0.440     7.073    Segmed7print/CLK_small/count[30]_i_9_n_0
    SLICE_X33Y44         LUT5 (Prop_lut5_I4_O)        0.124     7.197 r  Segmed7print/CLK_small/count[30]_i_8/O
                         net (fo=1, routed)           0.436     7.633    Segmed7print/CLK_small/count[30]_i_8_n_0
    SLICE_X35Y43         LUT6 (Prop_lut6_I5_O)        0.124     7.757 r  Segmed7print/CLK_small/count[30]_i_5/O
                         net (fo=1, routed)           0.295     8.052    Segmed7print/CLK_small/count[30]_i_5_n_0
    SLICE_X35Y44         LUT6 (Prop_lut6_I5_O)        0.124     8.176 f  Segmed7print/CLK_small/count[30]_i_2/O
                         net (fo=31, routed)          1.010     9.186    Segmed7print/CLK_small/count[30]_i_2_n_0
    SLICE_X35Y47         LUT2 (Prop_lut2_I1_O)        0.124     9.310 r  Segmed7print/CLK_small/count[26]_i_1/O
                         net (fo=1, routed)           0.000     9.310    Segmed7print/CLK_small/count[26]
    SLICE_X35Y47         FDCE                                         r  Segmed7print/CLK_small/count_reg[26]/D
  -------------------------------------------------------------------    -------------------

                         (clock sys_clk_pin rise edge)
                                                     10.000    10.000 r  
    W5                                                0.000    10.000 r  CLK (IN)
                         net (fo=0)                   0.000    10.000    CLK
    W5                   IBUF (Prop_ibuf_I_O)         1.388    11.388 r  CLK_IBUF_inst/O
                         net (fo=1, routed)           1.862    13.250    CLK_IBUF
    BUFGCTRL_X0Y1        BUFG (Prop_bufg_I_O)         0.091    13.341 r  CLK_IBUF_BUFG_inst/O
                         net (fo=64, routed)          1.445    14.786    Segmed7print/CLK_small/CLK
    SLICE_X35Y47         FDCE                                         r  Segmed7print/CLK_small/count_reg[26]/C
                         clock pessimism              0.275    15.061    
                         clock uncertainty           -0.035    15.026    
    SLICE_X35Y47         FDCE (Setup_fdce_C_D)        0.031    15.057    Segmed7print/CLK_small/count_reg[26]
  -------------------------------------------------------------------
                         required time                         15.057    
                         arrival time                          -9.310    
  -------------------------------------------------------------------
                         slack                                  5.747    

Slack (MET) :             5.763ns  (required time - arrival time)
  Source:                 Segmed7print/CLK_small/count_reg[12]/C
                            (rising edge-triggered cell FDCE clocked by sys_clk_pin  {rise@0.000ns fall@5.000ns period=10.000ns})
  Destination:            Segmed7print/CLK_small/count_reg[28]/D
                            (rising edge-triggered cell FDCE clocked by sys_clk_pin  {rise@0.000ns fall@5.000ns period=10.000ns})
  Path Group:             sys_clk_pin
  Path Type:              Setup (Max at Slow Process Corner)
  Requirement:            10.000ns  (sys_clk_pin rise@10.000ns - sys_clk_pin rise@0.000ns)
  Data Path Delay:        4.253ns  (logic 1.242ns (29.206%)  route 3.011ns (70.794%))
  Logic Levels:           5  (LUT2=1 LUT4=1 LUT5=1 LUT6=2)
  Clock Path Skew:        -0.024ns (DCD - SCD + CPR)
    Destination Clock Delay (DCD):    4.786ns = ( 14.786 - 10.000 ) 
    Source Clock Delay      (SCD):    5.085ns
    Clock Pessimism Removal (CPR):    0.275ns
  Clock Uncertainty:      0.035ns  ((TSJ^2 + TIJ^2)^1/2 + DJ) / 2 + PE
    Total System Jitter     (TSJ):    0.071ns
    Total Input Jitter      (TIJ):    0.000ns
    Discrete Jitter          (DJ):    0.000ns
    Phase Error              (PE):    0.000ns

    Location             Delay type                Incr(ns)  Path(ns)    Netlist Resource(s)
  -------------------------------------------------------------------    -------------------
                         (clock sys_clk_pin rise edge)
                                                      0.000     0.000 r  
    W5                                                0.000     0.000 r  CLK (IN)
                         net (fo=0)                   0.000     0.000    CLK
    W5                   IBUF (Prop_ibuf_I_O)         1.458     1.458 r  CLK_IBUF_inst/O
                         net (fo=1, routed)           1.967     3.425    CLK_IBUF
    BUFGCTRL_X0Y1        BUFG (Prop_bufg_I_O)         0.096     3.521 r  CLK_IBUF_BUFG_inst/O
                         net (fo=64, routed)          1.564     5.085    Segmed7print/CLK_small/CLK
    SLICE_X35Y43         FDCE                                         r  Segmed7print/CLK_small/count_reg[12]/C
  -------------------------------------------------------------------    -------------------
    SLICE_X35Y43         FDCE (Prop_fdce_C_Q)         0.419     5.504 r  Segmed7print/CLK_small/count_reg[12]/Q
                         net (fo=2, routed)           0.829     6.333    Segmed7print/CLK_small/count_reg_n_0_[12]
    SLICE_X35Y44         LUT4 (Prop_lut4_I1_O)        0.299     6.632 r  Segmed7print/CLK_small/count[30]_i_9/O
                         net (fo=1, routed)           0.440     7.073    Segmed7print/CLK_small/count[30]_i_9_n_0
    SLICE_X33Y44         LUT5 (Prop_lut5_I4_O)        0.124     7.197 r  Segmed7print/CLK_small/count[30]_i_8/O
                         net (fo=1, routed)           0.436     7.633    Segmed7print/CLK_small/count[30]_i_8_n_0
    SLICE_X35Y43         LUT6 (Prop_lut6_I5_O)        0.124     7.757 r  Segmed7print/CLK_small/count[30]_i_5/O
                         net (fo=1, routed)           0.295     8.052    Segmed7print/CLK_small/count[30]_i_5_n_0
    SLICE_X35Y44         LUT6 (Prop_lut6_I5_O)        0.124     8.176 f  Segmed7print/CLK_small/count[30]_i_2/O
                         net (fo=31, routed)          1.010     9.186    Segmed7print/CLK_small/count[30]_i_2_n_0
    SLICE_X35Y47         LUT2 (Prop_lut2_I1_O)        0.152     9.338 r  Segmed7print/CLK_small/count[28]_i_1/O
                         net (fo=1, routed)           0.000     9.338    Segmed7print/CLK_small/count[28]
    SLICE_X35Y47         FDCE                                         r  Segmed7print/CLK_small/count_reg[28]/D
  -------------------------------------------------------------------    -------------------

                         (clock sys_clk_pin rise edge)
                                                     10.000    10.000 r  
    W5                                                0.000    10.000 r  CLK (IN)
                         net (fo=0)                   0.000    10.000    CLK
    W5                   IBUF (Prop_ibuf_I_O)         1.388    11.388 r  CLK_IBUF_inst/O
                         net (fo=1, routed)           1.862    13.250    CLK_IBUF
    BUFGCTRL_X0Y1        BUFG (Prop_bufg_I_O)         0.091    13.341 r  CLK_IBUF_BUFG_inst/O
                         net (fo=64, routed)          1.445    14.786    Segmed7print/CLK_small/CLK
    SLICE_X35Y47         FDCE                                         r  Segmed7print/CLK_small/count_reg[28]/C
                         clock pessimism              0.275    15.061    
                         clock uncertainty           -0.035    15.026    
    SLICE_X35Y47         FDCE (Setup_fdce_C_D)        0.075    15.101    Segmed7print/CLK_small/count_reg[28]
  -------------------------------------------------------------------
                         required time                         15.101    
                         arrival time                          -9.338    
  -------------------------------------------------------------------
                         slack                                  5.763    

Slack (MET) :             5.806ns  (required time - arrival time)
  Source:                 Segmed7print/CLK_small/count_reg[12]/C
                            (rising edge-triggered cell FDCE clocked by sys_clk_pin  {rise@0.000ns fall@5.000ns period=10.000ns})
  Destination:            Segmed7print/CLK_small/clk_internal_out_reg/D
                            (rising edge-triggered cell FDRE clocked by sys_clk_pin  {rise@0.000ns fall@5.000ns period=10.000ns})
  Path Group:             sys_clk_pin
  Path Type:              Setup (Max at Slow Process Corner)
  Requirement:            10.000ns  (sys_clk_pin rise@10.000ns - sys_clk_pin rise@0.000ns)
  Data Path Delay:        4.149ns  (logic 1.214ns (29.260%)  route 2.935ns (70.740%))
  Logic Levels:           5  (LUT3=1 LUT4=1 LUT5=1 LUT6=2)
  Clock Path Skew:        -0.039ns (DCD - SCD + CPR)
    Destination Clock Delay (DCD):    4.786ns = ( 14.786 - 10.000 ) 
    Source Clock Delay      (SCD):    5.085ns
    Clock Pessimism Removal (CPR):    0.260ns
  Clock Uncertainty:      0.035ns  ((TSJ^2 + TIJ^2)^1/2 + DJ) / 2 + PE
    Total System Jitter     (TSJ):    0.071ns
    Total Input Jitter      (TIJ):    0.000ns
    Discrete Jitter          (DJ):    0.000ns
    Phase Error              (PE):    0.000ns

    Location             Delay type                Incr(ns)  Path(ns)    Netlist Resource(s)
  -------------------------------------------------------------------    -------------------
                         (clock sys_clk_pin rise edge)
                                                      0.000     0.000 r  
    W5                                                0.000     0.000 r  CLK (IN)
                         net (fo=0)                   0.000     0.000    CLK
    W5                   IBUF (Prop_ibuf_I_O)         1.458     1.458 r  CLK_IBUF_inst/O
                         net (fo=1, routed)           1.967     3.425    CLK_IBUF
    BUFGCTRL_X0Y1        BUFG (Prop_bufg_I_O)         0.096     3.521 r  CLK_IBUF_BUFG_inst/O
                         net (fo=64, routed)          1.564     5.085    Segmed7print/CLK_small/CLK
    SLICE_X35Y43         FDCE                                         r  Segmed7print/CLK_small/count_reg[12]/C
  -------------------------------------------------------------------    -------------------
    SLICE_X35Y43         FDCE (Prop_fdce_C_Q)         0.419     5.504 f  Segmed7print/CLK_small/count_reg[12]/Q
                         net (fo=2, routed)           0.829     6.333    Segmed7print/CLK_small/count_reg_n_0_[12]
    SLICE_X35Y44         LUT4 (Prop_lut4_I1_O)        0.299     6.632 f  Segmed7print/CLK_small/count[30]_i_9/O
                         net (fo=1, routed)           0.440     7.073    Segmed7print/CLK_small/count[30]_i_9_n_0
    SLICE_X33Y44         LUT5 (Prop_lut5_I4_O)        0.124     7.197 f  Segmed7print/CLK_small/count[30]_i_8/O
                         net (fo=1, routed)           0.436     7.633    Segmed7print/CLK_small/count[30]_i_8_n_0
    SLICE_X35Y43         LUT6 (Prop_lut6_I5_O)        0.124     7.757 f  Segmed7print/CLK_small/count[30]_i_5/O
                         net (fo=1, routed)           0.295     8.052    Segmed7print/CLK_small/count[30]_i_5_n_0
    SLICE_X35Y44         LUT6 (Prop_lut6_I5_O)        0.124     8.176 r  Segmed7print/CLK_small/count[30]_i_2/O
                         net (fo=31, routed)          0.934     9.110    Segmed7print/CLK_small/count[30]_i_2_n_0
    SLICE_X33Y46         LUT3 (Prop_lut3_I1_O)        0.124     9.234 r  Segmed7print/CLK_small/clk_internal_out_i_1/O
                         net (fo=1, routed)           0.000     9.234    Segmed7print/CLK_small/clk_internal_out_i_1_n_0
    SLICE_X33Y46         FDRE                                         r  Segmed7print/CLK_small/clk_internal_out_reg/D
  -------------------------------------------------------------------    -------------------

                         (clock sys_clk_pin rise edge)
                                                     10.000    10.000 r  
    W5                                                0.000    10.000 r  CLK (IN)
                         net (fo=0)                   0.000    10.000    CLK
    W5                   IBUF (Prop_ibuf_I_O)         1.388    11.388 r  CLK_IBUF_inst/O
                         net (fo=1, routed)           1.862    13.250    CLK_IBUF
    BUFGCTRL_X0Y1        BUFG (Prop_bufg_I_O)         0.091    13.341 r  CLK_IBUF_BUFG_inst/O
                         net (fo=64, routed)          1.445    14.786    Segmed7print/CLK_small/CLK
    SLICE_X33Y46         FDRE                                         r  Segmed7print/CLK_small/clk_internal_out_reg/C
                         clock pessimism              0.260    15.046    
                         clock uncertainty           -0.035    15.011    
    SLICE_X33Y46         FDRE (Setup_fdre_C_D)        0.029    15.040    Segmed7print/CLK_small/clk_internal_out_reg
  -------------------------------------------------------------------
                         required time                         15.040    
                         arrival time                          -9.234    
  -------------------------------------------------------------------
                         slack                                  5.806    

Slack (MET) :             5.902ns  (required time - arrival time)
  Source:                 Segmed7print/CLK_small/count_reg[12]/C
                            (rising edge-triggered cell FDCE clocked by sys_clk_pin  {rise@0.000ns fall@5.000ns period=10.000ns})
  Destination:            Segmed7print/CLK_small/count_reg[13]/D
                            (rising edge-triggered cell FDCE clocked by sys_clk_pin  {rise@0.000ns fall@5.000ns period=10.000ns})
  Path Group:             sys_clk_pin
  Path Type:              Setup (Max at Slow Process Corner)
  Requirement:            10.000ns  (sys_clk_pin rise@10.000ns - sys_clk_pin rise@0.000ns)
  Data Path Delay:        4.052ns  (logic 1.214ns (29.959%)  route 2.838ns (70.041%))
  Logic Levels:           5  (LUT2=1 LUT4=1 LUT5=1 LUT6=2)
  Clock Path Skew:        -0.039ns (DCD - SCD + CPR)
    Destination Clock Delay (DCD):    4.786ns = ( 14.786 - 10.000 ) 
    Source Clock Delay      (SCD):    5.085ns
    Clock Pessimism Removal (CPR):    0.260ns
  Clock Uncertainty:      0.035ns  ((TSJ^2 + TIJ^2)^1/2 + DJ) / 2 + PE
    Total System Jitter     (TSJ):    0.071ns
    Total Input Jitter      (TIJ):    0.000ns
    Discrete Jitter          (DJ):    0.000ns
    Phase Error              (PE):    0.000ns

    Location             Delay type                Incr(ns)  Path(ns)    Netlist Resource(s)
  -------------------------------------------------------------------    -------------------
                         (clock sys_clk_pin rise edge)
                                                      0.000     0.000 r  
    W5                                                0.000     0.000 r  CLK (IN)
                         net (fo=0)                   0.000     0.000    CLK
    W5                   IBUF (Prop_ibuf_I_O)         1.458     1.458 r  CLK_IBUF_inst/O
                         net (fo=1, routed)           1.967     3.425    CLK_IBUF
    BUFGCTRL_X0Y1        BUFG (Prop_bufg_I_O)         0.096     3.521 r  CLK_IBUF_BUFG_inst/O
                         net (fo=64, routed)          1.564     5.085    Segmed7print/CLK_small/CLK
    SLICE_X35Y43         FDCE                                         r  Segmed7print/CLK_small/count_reg[12]/C
  -------------------------------------------------------------------    -------------------
    SLICE_X35Y43         FDCE (Prop_fdce_C_Q)         0.419     5.504 r  Segmed7print/CLK_small/count_reg[12]/Q
                         net (fo=2, routed)           0.829     6.333    Segmed7print/CLK_small/count_reg_n_0_[12]
    SLICE_X35Y44         LUT4 (Prop_lut4_I1_O)        0.299     6.632 r  Segmed7print/CLK_small/count[30]_i_9/O
                         net (fo=1, routed)           0.440     7.073    Segmed7print/CLK_small/count[30]_i_9_n_0
    SLICE_X33Y44         LUT5 (Prop_lut5_I4_O)        0.124     7.197 r  Segmed7print/CLK_small/count[30]_i_8/O
                         net (fo=1, routed)           0.436     7.633    Segmed7print/CLK_small/count[30]_i_8_n_0
    SLICE_X35Y43         LUT6 (Prop_lut6_I5_O)        0.124     7.757 r  Segmed7print/CLK_small/count[30]_i_5/O
                         net (fo=1, routed)           0.295     8.052    Segmed7print/CLK_small/count[30]_i_5_n_0
    SLICE_X35Y44         LUT6 (Prop_lut6_I5_O)        0.124     8.176 f  Segmed7print/CLK_small/count[30]_i_2/O
                         net (fo=31, routed)          0.837     9.013    Segmed7print/CLK_small/count[30]_i_2_n_0
    SLICE_X33Y44         LUT2 (Prop_lut2_I1_O)        0.124     9.137 r  Segmed7print/CLK_small/count[13]_i_1/O
                         net (fo=1, routed)           0.000     9.137    Segmed7print/CLK_small/count[13]
    SLICE_X33Y44         FDCE                                         r  Segmed7print/CLK_small/count_reg[13]/D
  -------------------------------------------------------------------    -------------------

                         (clock sys_clk_pin rise edge)
                                                     10.000    10.000 r  
    W5                                                0.000    10.000 r  CLK (IN)
                         net (fo=0)                   0.000    10.000    CLK
    W5                   IBUF (Prop_ibuf_I_O)         1.388    11.388 r  CLK_IBUF_inst/O
                         net (fo=1, routed)           1.862    13.250    CLK_IBUF
    BUFGCTRL_X0Y1        BUFG (Prop_bufg_I_O)         0.091    13.341 r  CLK_IBUF_BUFG_inst/O
                         net (fo=64, routed)          1.445    14.786    Segmed7print/CLK_small/CLK
    SLICE_X33Y44         FDCE                                         r  Segmed7print/CLK_small/count_reg[13]/C
                         clock pessimism              0.260    15.046    
                         clock uncertainty           -0.035    15.011    
    SLICE_X33Y44         FDCE (Setup_fdce_C_D)        0.029    15.040    Segmed7print/CLK_small/count_reg[13]
  -------------------------------------------------------------------
                         required time                         15.040    
                         arrival time                          -9.137    
  -------------------------------------------------------------------
                         slack                                  5.902    

Slack (MET) :             5.905ns  (required time - arrival time)
  Source:                 Segmed7print/CLK_small/count_reg[12]/C
                            (rising edge-triggered cell FDCE clocked by sys_clk_pin  {rise@0.000ns fall@5.000ns period=10.000ns})
  Destination:            Segmed7print/CLK_small/count_reg[22]/D
                            (rising edge-triggered cell FDCE clocked by sys_clk_pin  {rise@0.000ns fall@5.000ns period=10.000ns})
  Path Group:             sys_clk_pin
  Path Type:              Setup (Max at Slow Process Corner)
  Requirement:            10.000ns  (sys_clk_pin rise@10.000ns - sys_clk_pin rise@0.000ns)
  Data Path Delay:        4.065ns  (logic 1.214ns (29.861%)  route 2.851ns (70.139%))
  Logic Levels:           5  (LUT2=1 LUT4=1 LUT5=1 LUT6=2)
  Clock Path Skew:        -0.025ns (DCD - SCD + CPR)
    Destination Clock Delay (DCD):    4.785ns = ( 14.785 - 10.000 ) 
    Source Clock Delay      (SCD):    5.085ns
    Clock Pessimism Removal (CPR):    0.275ns
  Clock Uncertainty:      0.035ns  ((TSJ^2 + TIJ^2)^1/2 + DJ) / 2 + PE
    Total System Jitter     (TSJ):    0.071ns
    Total Input Jitter      (TIJ):    0.000ns
    Discrete Jitter          (DJ):    0.000ns
    Phase Error              (PE):    0.000ns

    Location             Delay type                Incr(ns)  Path(ns)    Netlist Resource(s)
  -------------------------------------------------------------------    -------------------
                         (clock sys_clk_pin rise edge)
                                                      0.000     0.000 r  
    W5                                                0.000     0.000 r  CLK (IN)
                         net (fo=0)                   0.000     0.000    CLK
    W5                   IBUF (Prop_ibuf_I_O)         1.458     1.458 r  CLK_IBUF_inst/O
                         net (fo=1, routed)           1.967     3.425    CLK_IBUF
    BUFGCTRL_X0Y1        BUFG (Prop_bufg_I_O)         0.096     3.521 r  CLK_IBUF_BUFG_inst/O
                         net (fo=64, routed)          1.564     5.085    Segmed7print/CLK_small/CLK
    SLICE_X35Y43         FDCE                                         r  Segmed7print/CLK_small/count_reg[12]/C
  -------------------------------------------------------------------    -------------------
    SLICE_X35Y43         FDCE (Prop_fdce_C_Q)         0.419     5.504 r  Segmed7print/CLK_small/count_reg[12]/Q
                         net (fo=2, routed)           0.829     6.333    Segmed7print/CLK_small/count_reg_n_0_[12]
    SLICE_X35Y44         LUT4 (Prop_lut4_I1_O)        0.299     6.632 r  Segmed7print/CLK_small/count[30]_i_9/O
                         net (fo=1, routed)           0.440     7.073    Segmed7print/CLK_small/count[30]_i_9_n_0
    SLICE_X33Y44         LUT5 (Prop_lut5_I4_O)        0.124     7.197 r  Segmed7print/CLK_small/count[30]_i_8/O
                         net (fo=1, routed)           0.436     7.633    Segmed7print/CLK_small/count[30]_i_8_n_0
    SLICE_X35Y43         LUT6 (Prop_lut6_I5_O)        0.124     7.757 r  Segmed7print/CLK_small/count[30]_i_5/O
                         net (fo=1, routed)           0.295     8.052    Segmed7print/CLK_small/count[30]_i_5_n_0
    SLICE_X35Y44         LUT6 (Prop_lut6_I5_O)        0.124     8.176 f  Segmed7print/CLK_small/count[30]_i_2/O
                         net (fo=31, routed)          0.851     9.027    Segmed7print/CLK_small/count[30]_i_2_n_0
    SLICE_X35Y46         LUT2 (Prop_lut2_I1_O)        0.124     9.151 r  Segmed7print/CLK_small/count[22]_i_1/O
                         net (fo=1, routed)           0.000     9.151    Segmed7print/CLK_small/count[22]
    SLICE_X35Y46         FDCE                                         r  Segmed7print/CLK_small/count_reg[22]/D
  -------------------------------------------------------------------    -------------------

                         (clock sys_clk_pin rise edge)
                                                     10.000    10.000 r  
    W5                                                0.000    10.000 r  CLK (IN)
                         net (fo=0)                   0.000    10.000    CLK
    W5                   IBUF (Prop_ibuf_I_O)         1.388    11.388 r  CLK_IBUF_inst/O
                         net (fo=1, routed)           1.862    13.250    CLK_IBUF
    BUFGCTRL_X0Y1        BUFG (Prop_bufg_I_O)         0.091    13.341 r  CLK_IBUF_BUFG_inst/O
                         net (fo=64, routed)          1.444    14.785    Segmed7print/CLK_small/CLK
    SLICE_X35Y46         FDCE                                         r  Segmed7print/CLK_small/count_reg[22]/C
                         clock pessimism              0.275    15.060    
                         clock uncertainty           -0.035    15.025    
    SLICE_X35Y46         FDCE (Setup_fdce_C_D)        0.031    15.056    Segmed7print/CLK_small/count_reg[22]
  -------------------------------------------------------------------
                         required time                         15.056    
                         arrival time                          -9.151    
  -------------------------------------------------------------------
                         slack                                  5.905    

Slack (MET) :             5.905ns  (required time - arrival time)
  Source:                 Segmed7print/CLK_small/count_reg[12]/C
                            (rising edge-triggered cell FDCE clocked by sys_clk_pin  {rise@0.000ns fall@5.000ns period=10.000ns})
  Destination:            Segmed7print/CLK_small/count_reg[14]/D
                            (rising edge-triggered cell FDCE clocked by sys_clk_pin  {rise@0.000ns fall@5.000ns period=10.000ns})
  Path Group:             sys_clk_pin
  Path Type:              Setup (Max at Slow Process Corner)
  Requirement:            10.000ns  (sys_clk_pin rise@10.000ns - sys_clk_pin rise@0.000ns)
  Data Path Delay:        4.051ns  (logic 1.214ns (29.967%)  route 2.837ns (70.033%))
  Logic Levels:           5  (LUT2=1 LUT4=1 LUT5=1 LUT6=2)
  Clock Path Skew:        -0.039ns (DCD - SCD + CPR)
    Destination Clock Delay (DCD):    4.786ns = ( 14.786 - 10.000 ) 
    Source Clock Delay      (SCD):    5.085ns
    Clock Pessimism Removal (CPR):    0.260ns
  Clock Uncertainty:      0.035ns  ((TSJ^2 + TIJ^2)^1/2 + DJ) / 2 + PE
    Total System Jitter     (TSJ):    0.071ns
    Total Input Jitter      (TIJ):    0.000ns
    Discrete Jitter          (DJ):    0.000ns
    Phase Error              (PE):    0.000ns

    Location             Delay type                Incr(ns)  Path(ns)    Netlist Resource(s)
  -------------------------------------------------------------------    -------------------
                         (clock sys_clk_pin rise edge)
                                                      0.000     0.000 r  
    W5                                                0.000     0.000 r  CLK (IN)
                         net (fo=0)                   0.000     0.000    CLK
    W5                   IBUF (Prop_ibuf_I_O)         1.458     1.458 r  CLK_IBUF_inst/O
                         net (fo=1, routed)           1.967     3.425    CLK_IBUF
    BUFGCTRL_X0Y1        BUFG (Prop_bufg_I_O)         0.096     3.521 r  CLK_IBUF_BUFG_inst/O
                         net (fo=64, routed)          1.564     5.085    Segmed7print/CLK_small/CLK
    SLICE_X35Y43         FDCE                                         r  Segmed7print/CLK_small/count_reg[12]/C
  -------------------------------------------------------------------    -------------------
    SLICE_X35Y43         FDCE (Prop_fdce_C_Q)         0.419     5.504 r  Segmed7print/CLK_small/count_reg[12]/Q
                         net (fo=2, routed)           0.829     6.333    Segmed7print/CLK_small/count_reg_n_0_[12]
    SLICE_X35Y44         LUT4 (Prop_lut4_I1_O)        0.299     6.632 r  Segmed7print/CLK_small/count[30]_i_9/O
                         net (fo=1, routed)           0.440     7.073    Segmed7print/CLK_small/count[30]_i_9_n_0
    SLICE_X33Y44         LUT5 (Prop_lut5_I4_O)        0.124     7.197 r  Segmed7print/CLK_small/count[30]_i_8/O
                         net (fo=1, routed)           0.436     7.633    Segmed7print/CLK_small/count[30]_i_8_n_0
    SLICE_X35Y43         LUT6 (Prop_lut6_I5_O)        0.124     7.757 r  Segmed7print/CLK_small/count[30]_i_5/O
                         net (fo=1, routed)           0.295     8.052    Segmed7print/CLK_small/count[30]_i_5_n_0
    SLICE_X35Y44         LUT6 (Prop_lut6_I5_O)        0.124     8.176 f  Segmed7print/CLK_small/count[30]_i_2/O
                         net (fo=31, routed)          0.836     9.012    Segmed7print/CLK_small/count[30]_i_2_n_0
    SLICE_X33Y44         LUT2 (Prop_lut2_I1_O)        0.124     9.136 r  Segmed7print/CLK_small/count[14]_i_1/O
                         net (fo=1, routed)           0.000     9.136    Segmed7print/CLK_small/count[14]
    SLICE_X33Y44         FDCE                                         r  Segmed7print/CLK_small/count_reg[14]/D
  -------------------------------------------------------------------    -------------------

                         (clock sys_clk_pin rise edge)
                                                     10.000    10.000 r  
    W5                                                0.000    10.000 r  CLK (IN)
                         net (fo=0)                   0.000    10.000    CLK
    W5                   IBUF (Prop_ibuf_I_O)         1.388    11.388 r  CLK_IBUF_inst/O
                         net (fo=1, routed)           1.862    13.250    CLK_IBUF
    BUFGCTRL_X0Y1        BUFG (Prop_bufg_I_O)         0.091    13.341 r  CLK_IBUF_BUFG_inst/O
                         net (fo=64, routed)          1.445    14.786    Segmed7print/CLK_small/CLK
    SLICE_X33Y44         FDCE                                         r  Segmed7print/CLK_small/count_reg[14]/C
                         clock pessimism              0.260    15.046    
                         clock uncertainty           -0.035    15.011    
    SLICE_X33Y44         FDCE (Setup_fdce_C_D)        0.031    15.042    Segmed7print/CLK_small/count_reg[14]
  -------------------------------------------------------------------
                         required time                         15.042    
                         arrival time                          -9.136    
  -------------------------------------------------------------------
                         slack                                  5.905    

Slack (MET) :             5.920ns  (required time - arrival time)
  Source:                 Segmed7print/CLK_small/count_reg[12]/C
                            (rising edge-triggered cell FDCE clocked by sys_clk_pin  {rise@0.000ns fall@5.000ns period=10.000ns})
  Destination:            Segmed7print/CLK_small/count_reg[15]/D
                            (rising edge-triggered cell FDCE clocked by sys_clk_pin  {rise@0.000ns fall@5.000ns period=10.000ns})
  Path Group:             sys_clk_pin
  Path Type:              Setup (Max at Slow Process Corner)
  Requirement:            10.000ns  (sys_clk_pin rise@10.000ns - sys_clk_pin rise@0.000ns)
  Data Path Delay:        4.080ns  (logic 1.242ns (30.440%)  route 2.838ns (69.560%))
  Logic Levels:           5  (LUT2=1 LUT4=1 LUT5=1 LUT6=2)
  Clock Path Skew:        -0.039ns (DCD - SCD + CPR)
    Destination Clock Delay (DCD):    4.786ns = ( 14.786 - 10.000 ) 
    Source Clock Delay      (SCD):    5.085ns
    Clock Pessimism Removal (CPR):    0.260ns
  Clock Uncertainty:      0.035ns  ((TSJ^2 + TIJ^2)^1/2 + DJ) / 2 + PE
    Total System Jitter     (TSJ):    0.071ns
    Total Input Jitter      (TIJ):    0.000ns
    Discrete Jitter          (DJ):    0.000ns
    Phase Error              (PE):    0.000ns

    Location             Delay type                Incr(ns)  Path(ns)    Netlist Resource(s)
  -------------------------------------------------------------------    -------------------
                         (clock sys_clk_pin rise edge)
                                                      0.000     0.000 r  
    W5                                                0.000     0.000 r  CLK (IN)
                         net (fo=0)                   0.000     0.000    CLK
    W5                   IBUF (Prop_ibuf_I_O)         1.458     1.458 r  CLK_IBUF_inst/O
                         net (fo=1, routed)           1.967     3.425    CLK_IBUF
    BUFGCTRL_X0Y1        BUFG (Prop_bufg_I_O)         0.096     3.521 r  CLK_IBUF_BUFG_inst/O
                         net (fo=64, routed)          1.564     5.085    Segmed7print/CLK_small/CLK
    SLICE_X35Y43         FDCE                                         r  Segmed7print/CLK_small/count_reg[12]/C
  -------------------------------------------------------------------    -------------------
    SLICE_X35Y43         FDCE (Prop_fdce_C_Q)         0.419     5.504 r  Segmed7print/CLK_small/count_reg[12]/Q
                         net (fo=2, routed)           0.829     6.333    Segmed7print/CLK_small/count_reg_n_0_[12]
    SLICE_X35Y44         LUT4 (Prop_lut4_I1_O)        0.299     6.632 r  Segmed7print/CLK_small/count[30]_i_9/O
                         net (fo=1, routed)           0.440     7.073    Segmed7print/CLK_small/count[30]_i_9_n_0
    SLICE_X33Y44         LUT5 (Prop_lut5_I4_O)        0.124     7.197 r  Segmed7print/CLK_small/count[30]_i_8/O
                         net (fo=1, routed)           0.436     7.633    Segmed7print/CLK_small/count[30]_i_8_n_0
    SLICE_X35Y43         LUT6 (Prop_lut6_I5_O)        0.124     7.757 r  Segmed7print/CLK_small/count[30]_i_5/O
                         net (fo=1, routed)           0.295     8.052    Segmed7print/CLK_small/count[30]_i_5_n_0
    SLICE_X35Y44         LUT6 (Prop_lut6_I5_O)        0.124     8.176 f  Segmed7print/CLK_small/count[30]_i_2/O
                         net (fo=31, routed)          0.837     9.013    Segmed7print/CLK_small/count[30]_i_2_n_0
    SLICE_X33Y44         LUT2 (Prop_lut2_I1_O)        0.152     9.165 r  Segmed7print/CLK_small/count[15]_i_1/O
                         net (fo=1, routed)           0.000     9.165    Segmed7print/CLK_small/count[15]
    SLICE_X33Y44         FDCE                                         r  Segmed7print/CLK_small/count_reg[15]/D
  -------------------------------------------------------------------    -------------------

                         (clock sys_clk_pin rise edge)
                                                     10.000    10.000 r  
    W5                                                0.000    10.000 r  CLK (IN)
                         net (fo=0)                   0.000    10.000    CLK
    W5                   IBUF (Prop_ibuf_I_O)         1.388    11.388 r  CLK_IBUF_inst/O
                         net (fo=1, routed)           1.862    13.250    CLK_IBUF
    BUFGCTRL_X0Y1        BUFG (Prop_bufg_I_O)         0.091    13.341 r  CLK_IBUF_BUFG_inst/O
                         net (fo=64, routed)          1.445    14.786    Segmed7print/CLK_small/CLK
    SLICE_X33Y44         FDCE                                         r  Segmed7print/CLK_small/count_reg[15]/C
                         clock pessimism              0.260    15.046    
                         clock uncertainty           -0.035    15.011    
    SLICE_X33Y44         FDCE (Setup_fdce_C_D)        0.075    15.086    Segmed7print/CLK_small/count_reg[15]
  -------------------------------------------------------------------
                         required time                         15.086    
                         arrival time                          -9.165    
  -------------------------------------------------------------------
                         slack                                  5.920    

Slack (MET) :             5.921ns  (required time - arrival time)
  Source:                 Segmed7print/CLK_small/count_reg[12]/C
                            (rising edge-triggered cell FDCE clocked by sys_clk_pin  {rise@0.000ns fall@5.000ns period=10.000ns})
  Destination:            Segmed7print/CLK_small/count_reg[24]/D
                            (rising edge-triggered cell FDCE clocked by sys_clk_pin  {rise@0.000ns fall@5.000ns period=10.000ns})
  Path Group:             sys_clk_pin
  Path Type:              Setup (Max at Slow Process Corner)
  Requirement:            10.000ns  (sys_clk_pin rise@10.000ns - sys_clk_pin rise@0.000ns)
  Data Path Delay:        4.093ns  (logic 1.242ns (30.341%)  route 2.851ns (69.659%))
  Logic Levels:           5  (LUT2=1 LUT4=1 LUT5=1 LUT6=2)
  Clock Path Skew:        -0.025ns (DCD - SCD + CPR)
    Destination Clock Delay (DCD):    4.785ns = ( 14.785 - 10.000 ) 
    Source Clock Delay      (SCD):    5.085ns
    Clock Pessimism Removal (CPR):    0.275ns
  Clock Uncertainty:      0.035ns  ((TSJ^2 + TIJ^2)^1/2 + DJ) / 2 + PE
    Total System Jitter     (TSJ):    0.071ns
    Total Input Jitter      (TIJ):    0.000ns
    Discrete Jitter          (DJ):    0.000ns
    Phase Error              (PE):    0.000ns

    Location             Delay type                Incr(ns)  Path(ns)    Netlist Resource(s)
  -------------------------------------------------------------------    -------------------
                         (clock sys_clk_pin rise edge)
                                                      0.000     0.000 r  
    W5                                                0.000     0.000 r  CLK (IN)
                         net (fo=0)                   0.000     0.000    CLK
    W5                   IBUF (Prop_ibuf_I_O)         1.458     1.458 r  CLK_IBUF_inst/O
                         net (fo=1, routed)           1.967     3.425    CLK_IBUF
    BUFGCTRL_X0Y1        BUFG (Prop_bufg_I_O)         0.096     3.521 r  CLK_IBUF_BUFG_inst/O
                         net (fo=64, routed)          1.564     5.085    Segmed7print/CLK_small/CLK
    SLICE_X35Y43         FDCE                                         r  Segmed7print/CLK_small/count_reg[12]/C
  -------------------------------------------------------------------    -------------------
    SLICE_X35Y43         FDCE (Prop_fdce_C_Q)         0.419     5.504 r  Segmed7print/CLK_small/count_reg[12]/Q
                         net (fo=2, routed)           0.829     6.333    Segmed7print/CLK_small/count_reg_n_0_[12]
    SLICE_X35Y44         LUT4 (Prop_lut4_I1_O)        0.299     6.632 r  Segmed7print/CLK_small/count[30]_i_9/O
                         net (fo=1, routed)           0.440     7.073    Segmed7print/CLK_small/count[30]_i_9_n_0
    SLICE_X33Y44         LUT5 (Prop_lut5_I4_O)        0.124     7.197 r  Segmed7print/CLK_small/count[30]_i_8/O
                         net (fo=1, routed)           0.436     7.633    Segmed7print/CLK_small/count[30]_i_8_n_0
    SLICE_X35Y43         LUT6 (Prop_lut6_I5_O)        0.124     7.757 r  Segmed7print/CLK_small/count[30]_i_5/O
                         net (fo=1, routed)           0.295     8.052    Segmed7print/CLK_small/count[30]_i_5_n_0
    SLICE_X35Y44         LUT6 (Prop_lut6_I5_O)        0.124     8.176 f  Segmed7print/CLK_small/count[30]_i_2/O
                         net (fo=31, routed)          0.851     9.027    Segmed7print/CLK_small/count[30]_i_2_n_0
    SLICE_X35Y46         LUT2 (Prop_lut2_I1_O)        0.152     9.179 r  Segmed7print/CLK_small/count[24]_i_1/O
                         net (fo=1, routed)           0.000     9.179    Segmed7print/CLK_small/count[24]
    SLICE_X35Y46         FDCE                                         r  Segmed7print/CLK_small/count_reg[24]/D
  -------------------------------------------------------------------    -------------------

                         (clock sys_clk_pin rise edge)
                                                     10.000    10.000 r  
    W5                                                0.000    10.000 r  CLK (IN)
                         net (fo=0)                   0.000    10.000    CLK
    W5                   IBUF (Prop_ibuf_I_O)         1.388    11.388 r  CLK_IBUF_inst/O
                         net (fo=1, routed)           1.862    13.250    CLK_IBUF
    BUFGCTRL_X0Y1        BUFG (Prop_bufg_I_O)         0.091    13.341 r  CLK_IBUF_BUFG_inst/O
                         net (fo=64, routed)          1.444    14.785    Segmed7print/CLK_small/CLK
    SLICE_X35Y46         FDCE                                         r  Segmed7print/CLK_small/count_reg[24]/C
                         clock pessimism              0.275    15.060    
                         clock uncertainty           -0.035    15.025    
    SLICE_X35Y46         FDCE (Setup_fdce_C_D)        0.075    15.100    Segmed7print/CLK_small/count_reg[24]
  -------------------------------------------------------------------
                         required time                         15.100    
                         arrival time                          -9.179    
  -------------------------------------------------------------------
                         slack                                  5.921    





Min Delay Paths
--------------------------------------------------------------------------------------
Slack (MET) :             0.152ns  (arrival time - required time)
  Source:                 Processor_Advance_button/q2_reg/C
                            (rising edge-triggered cell FDRE clocked by sys_clk_pin  {rise@0.000ns fall@5.000ns period=10.000ns})
  Destination:            Processor_Advance_button/q3_reg/D
                            (rising edge-triggered cell FDRE clocked by sys_clk_pin  {rise@0.000ns fall@5.000ns period=10.000ns})
  Path Group:             sys_clk_pin
  Path Type:              Hold (Min at Fast Process Corner)
  Requirement:            0.000ns  (sys_clk_pin rise@0.000ns - sys_clk_pin rise@0.000ns)
  Data Path Delay:        0.502ns  (logic 0.141ns (28.060%)  route 0.361ns (71.940%))
  Logic Levels:           0  
  Clock Path Skew:        0.263ns (DCD - SCD - CPR)
    Destination Clock Delay (DCD):    1.959ns
    Source Clock Delay      (SCD):    1.447ns
    Clock Pessimism Removal (CPR):    0.249ns

    Location             Delay type                Incr(ns)  Path(ns)    Netlist Resource(s)
  -------------------------------------------------------------------    -------------------
                         (clock sys_clk_pin rise edge)
                                                      0.000     0.000 r  
    W5                                                0.000     0.000 r  CLK (IN)
                         net (fo=0)                   0.000     0.000    CLK
    W5                   IBUF (Prop_ibuf_I_O)         0.226     0.226 r  CLK_IBUF_inst/O
                         net (fo=1, routed)           0.631     0.858    CLK_IBUF
    BUFGCTRL_X0Y1        BUFG (Prop_bufg_I_O)         0.026     0.884 r  CLK_IBUF_BUFG_inst/O
                         net (fo=64, routed)          0.564     1.447    Processor_Advance_button/CLK
    SLICE_X37Y47         FDRE                                         r  Processor_Advance_button/q2_reg/C
  -------------------------------------------------------------------    -------------------
    SLICE_X37Y47         FDRE (Prop_fdre_C_Q)         0.141     1.588 r  Processor_Advance_button/q2_reg/Q
                         net (fo=2, routed)           0.361     1.950    Processor_Advance_button/q2
    SLICE_X34Y47         FDRE                                         r  Processor_Advance_button/q3_reg/D
  -------------------------------------------------------------------    -------------------

                         (clock sys_clk_pin rise edge)
                                                      0.000     0.000 r  
    W5                                                0.000     0.000 r  CLK (IN)
                         net (fo=0)                   0.000     0.000    CLK
    W5                   IBUF (Prop_ibuf_I_O)         0.414     0.414 r  CLK_IBUF_inst/O
                         net (fo=1, routed)           0.685     1.099    CLK_IBUF
    BUFGCTRL_X0Y1        BUFG (Prop_bufg_I_O)         0.029     1.128 r  CLK_IBUF_BUFG_inst/O
                         net (fo=64, routed)          0.832     1.959    Processor_Advance_button/CLK
    SLICE_X34Y47         FDRE                                         r  Processor_Advance_button/q3_reg/C
                         clock pessimism             -0.249     1.710    
    SLICE_X34Y47         FDRE (Hold_fdre_C_D)         0.087     1.797    Processor_Advance_button/q3_reg
  -------------------------------------------------------------------
                         required time                         -1.797    
                         arrival time                           1.950    
  -------------------------------------------------------------------
                         slack                                  0.152    

Slack (MET) :             0.166ns  (arrival time - required time)
  Source:                 Processor_Advance_button/q1_reg/C
                            (rising edge-triggered cell FDRE clocked by sys_clk_pin  {rise@0.000ns fall@5.000ns period=10.000ns})
  Destination:            Processor_Advance_button/q2_reg/D
                            (rising edge-triggered cell FDRE clocked by sys_clk_pin  {rise@0.000ns fall@5.000ns period=10.000ns})
  Path Group:             sys_clk_pin
  Path Type:              Hold (Min at Fast Process Corner)
  Requirement:            0.000ns  (sys_clk_pin rise@0.000ns - sys_clk_pin rise@0.000ns)
  Data Path Delay:        0.253ns  (logic 0.141ns (55.730%)  route 0.112ns (44.270%))
  Logic Levels:           0  
  Clock Path Skew:        0.017ns (DCD - SCD - CPR)
    Destination Clock Delay (DCD):    1.960ns
    Source Clock Delay      (SCD):    1.446ns
    Clock Pessimism Removal (CPR):    0.497ns

    Location             Delay type                Incr(ns)  Path(ns)    Netlist Resource(s)
  -------------------------------------------------------------------    -------------------
                         (clock sys_clk_pin rise edge)
                                                      0.000     0.000 r  
    W5                                                0.000     0.000 r  CLK (IN)
                         net (fo=0)                   0.000     0.000    CLK
    W5                   IBUF (Prop_ibuf_I_O)         0.226     0.226 r  CLK_IBUF_inst/O
                         net (fo=1, routed)           0.631     0.858    CLK_IBUF
    BUFGCTRL_X0Y1        BUFG (Prop_bufg_I_O)         0.026     0.884 r  CLK_IBUF_BUFG_inst/O
                         net (fo=64, routed)          0.563     1.446    Processor_Advance_button/CLK
    SLICE_X37Y46         FDRE                                         r  Processor_Advance_button/q1_reg/C
  -------------------------------------------------------------------    -------------------
    SLICE_X37Y46         FDRE (Prop_fdre_C_Q)         0.141     1.587 r  Processor_Advance_button/q1_reg/Q
                         net (fo=1, routed)           0.112     1.699    Processor_Advance_button/q1
    SLICE_X37Y47         FDRE                                         r  Processor_Advance_button/q2_reg/D
  -------------------------------------------------------------------    -------------------

                         (clock sys_clk_pin rise edge)
                                                      0.000     0.000 r  
    W5                                                0.000     0.000 r  CLK (IN)
                         net (fo=0)                   0.000     0.000    CLK
    W5                   IBUF (Prop_ibuf_I_O)         0.414     0.414 r  CLK_IBUF_inst/O
                         net (fo=1, routed)           0.685     1.099    CLK_IBUF
    BUFGCTRL_X0Y1        BUFG (Prop_bufg_I_O)         0.029     1.128 r  CLK_IBUF_BUFG_inst/O
                         net (fo=64, routed)          0.833     1.960    Processor_Advance_button/CLK
    SLICE_X37Y47         FDRE                                         r  Processor_Advance_button/q2_reg/C
                         clock pessimism             -0.497     1.463    
    SLICE_X37Y47         FDRE (Hold_fdre_C_D)         0.070     1.533    Processor_Advance_button/q2_reg
  -------------------------------------------------------------------
                         required time                         -1.533    
                         arrival time                           1.699    
  -------------------------------------------------------------------
                         slack                                  0.166    

Slack (MET) :             0.263ns  (arrival time - required time)
  Source:                 Segmed7print/CLK_small/clk_internal_out_reg/C
                            (rising edge-triggered cell FDRE clocked by sys_clk_pin  {rise@0.000ns fall@5.000ns period=10.000ns})
  Destination:            Segmed7print/CLK_small/clk_internal_out_reg/D
                            (rising edge-triggered cell FDRE clocked by sys_clk_pin  {rise@0.000ns fall@5.000ns period=10.000ns})
  Path Group:             sys_clk_pin
  Path Type:              Hold (Min at Fast Process Corner)
  Requirement:            0.000ns  (sys_clk_pin rise@0.000ns - sys_clk_pin rise@0.000ns)
  Data Path Delay:        0.354ns  (logic 0.186ns (52.507%)  route 0.168ns (47.493%))
  Logic Levels:           1  (LUT3=1)
  Clock Path Skew:        0.000ns (DCD - SCD - CPR)
    Destination Clock Delay (DCD):    1.959ns
    Source Clock Delay      (SCD):    1.446ns
    Clock Pessimism Removal (CPR):    0.513ns

    Location             Delay type                Incr(ns)  Path(ns)    Netlist Resource(s)
  -------------------------------------------------------------------    -------------------
                         (clock sys_clk_pin rise edge)
                                                      0.000     0.000 r  
    W5                                                0.000     0.000 r  CLK (IN)
                         net (fo=0)                   0.000     0.000    CLK
    W5                   IBUF (Prop_ibuf_I_O)         0.226     0.226 r  CLK_IBUF_inst/O
                         net (fo=1, routed)           0.631     0.858    CLK_IBUF
    BUFGCTRL_X0Y1        BUFG (Prop_bufg_I_O)         0.026     0.884 r  CLK_IBUF_BUFG_inst/O
                         net (fo=64, routed)          0.563     1.446    Segmed7print/CLK_small/CLK
    SLICE_X33Y46         FDRE                                         r  Segmed7print/CLK_small/clk_internal_out_reg/C
  -------------------------------------------------------------------    -------------------
    SLICE_X33Y46         FDRE (Prop_fdre_C_Q)         0.141     1.587 r  Segmed7print/CLK_small/clk_internal_out_reg/Q
                         net (fo=2, routed)           0.168     1.755    Segmed7print/CLK_small/clk_internal_out_reg_0
    SLICE_X33Y46         LUT3 (Prop_lut3_I2_O)        0.045     1.800 r  Segmed7print/CLK_small/clk_internal_out_i_1/O
                         net (fo=1, routed)           0.000     1.800    Segmed7print/CLK_small/clk_internal_out_i_1_n_0
    SLICE_X33Y46         FDRE                                         r  Segmed7print/CLK_small/clk_internal_out_reg/D
  -------------------------------------------------------------------    -------------------

                         (clock sys_clk_pin rise edge)
                                                      0.000     0.000 r  
    W5                                                0.000     0.000 r  CLK (IN)
                         net (fo=0)                   0.000     0.000    CLK
    W5                   IBUF (Prop_ibuf_I_O)         0.414     0.414 r  CLK_IBUF_inst/O
                         net (fo=1, routed)           0.685     1.099    CLK_IBUF
    BUFGCTRL_X0Y1        BUFG (Prop_bufg_I_O)         0.029     1.128 r  CLK_IBUF_BUFG_inst/O
                         net (fo=64, routed)          0.832     1.959    Segmed7print/CLK_small/CLK
    SLICE_X33Y46         FDRE                                         r  Segmed7print/CLK_small/clk_internal_out_reg/C
                         clock pessimism             -0.513     1.446    
    SLICE_X33Y46         FDRE (Hold_fdre_C_D)         0.091     1.537    Segmed7print/CLK_small/clk_internal_out_reg
  -------------------------------------------------------------------
                         required time                         -1.537    
                         arrival time                           1.800    
  -------------------------------------------------------------------
                         slack                                  0.263    

Slack (MET) :             0.280ns  (arrival time - required time)
  Source:                 Processor_Advance_button/count_reg[2]/C
                            (rising edge-triggered cell FDRE clocked by sys_clk_pin  {rise@0.000ns fall@5.000ns period=10.000ns})
  Destination:            Processor_Advance_button/count_reg[2]/D
                            (rising edge-triggered cell FDRE clocked by sys_clk_pin  {rise@0.000ns fall@5.000ns period=10.000ns})
  Path Group:             sys_clk_pin
  Path Type:              Hold (Min at Fast Process Corner)
  Requirement:            0.000ns  (sys_clk_pin rise@0.000ns - sys_clk_pin rise@0.000ns)
  Data Path Delay:        0.385ns  (logic 0.252ns (65.529%)  route 0.133ns (34.471%))
  Logic Levels:           1  (CARRY4=1)
  Clock Path Skew:        0.000ns (DCD - SCD - CPR)
    Destination Clock Delay (DCD):    1.959ns
    Source Clock Delay      (SCD):    1.446ns
    Clock Pessimism Removal (CPR):    0.513ns

    Location             Delay type                Incr(ns)  Path(ns)    Netlist Resource(s)
  -------------------------------------------------------------------    -------------------
                         (clock sys_clk_pin rise edge)
                                                      0.000     0.000 r  
    W5                                                0.000     0.000 r  CLK (IN)
                         net (fo=0)                   0.000     0.000    CLK
    W5                   IBUF (Prop_ibuf_I_O)         0.226     0.226 r  CLK_IBUF_inst/O
                         net (fo=1, routed)           0.631     0.858    CLK_IBUF
    BUFGCTRL_X0Y1        BUFG (Prop_bufg_I_O)         0.026     0.884 r  CLK_IBUF_BUFG_inst/O
                         net (fo=64, routed)          0.563     1.446    Processor_Advance_button/CLK
    SLICE_X36Y46         FDRE                                         r  Processor_Advance_button/count_reg[2]/C
  -------------------------------------------------------------------    -------------------
    SLICE_X36Y46         FDRE (Prop_fdre_C_Q)         0.141     1.587 r  Processor_Advance_button/count_reg[2]/Q
                         net (fo=2, routed)           0.133     1.720    Processor_Advance_button/count_reg[2]
    SLICE_X36Y46         CARRY4 (Prop_carry4_S[2]_O[2])
                                                      0.111     1.831 r  Processor_Advance_button/count_reg[0]_i_1/O[2]
                         net (fo=1, routed)           0.000     1.831    Processor_Advance_button/count_reg[0]_i_1_n_5
    SLICE_X36Y46         FDRE                                         r  Processor_Advance_button/count_reg[2]/D
  -------------------------------------------------------------------    -------------------

                         (clock sys_clk_pin rise edge)
                                                      0.000     0.000 r  
    W5                                                0.000     0.000 r  CLK (IN)
                         net (fo=0)                   0.000     0.000    CLK
    W5                   IBUF (Prop_ibuf_I_O)         0.414     0.414 r  CLK_IBUF_inst/O
                         net (fo=1, routed)           0.685     1.099    CLK_IBUF
    BUFGCTRL_X0Y1        BUFG (Prop_bufg_I_O)         0.029     1.128 r  CLK_IBUF_BUFG_inst/O
                         net (fo=64, routed)          0.832     1.959    Processor_Advance_button/CLK
    SLICE_X36Y46         FDRE                                         r  Processor_Advance_button/count_reg[2]/C
                         clock pessimism             -0.513     1.446    
    SLICE_X36Y46         FDRE (Hold_fdre_C_D)         0.105     1.551    Processor_Advance_button/count_reg[2]
  -------------------------------------------------------------------
                         required time                         -1.551    
                         arrival time                           1.831    
  -------------------------------------------------------------------
                         slack                                  0.280    

Slack (MET) :             0.280ns  (arrival time - required time)
  Source:                 Processor_Advance_button/count_reg[14]/C
                            (rising edge-triggered cell FDRE clocked by sys_clk_pin  {rise@0.000ns fall@5.000ns period=10.000ns})
  Destination:            Processor_Advance_button/count_reg[14]/D
                            (rising edge-triggered cell FDRE clocked by sys_clk_pin  {rise@0.000ns fall@5.000ns period=10.000ns})
  Path Group:             sys_clk_pin
  Path Type:              Hold (Min at Fast Process Corner)
  Requirement:            0.000ns  (sys_clk_pin rise@0.000ns - sys_clk_pin rise@0.000ns)
  Data Path Delay:        0.385ns  (logic 0.252ns (65.529%)  route 0.133ns (34.471%))
  Logic Levels:           1  (CARRY4=1)
  Clock Path Skew:        0.000ns (DCD - SCD - CPR)
    Destination Clock Delay (DCD):    1.960ns
    Source Clock Delay      (SCD):    1.447ns
    Clock Pessimism Removal (CPR):    0.513ns

    Location             Delay type                Incr(ns)  Path(ns)    Netlist Resource(s)
  -------------------------------------------------------------------    -------------------
                         (clock sys_clk_pin rise edge)
                                                      0.000     0.000 r  
    W5                                                0.000     0.000 r  CLK (IN)
                         net (fo=0)                   0.000     0.000    CLK
    W5                   IBUF (Prop_ibuf_I_O)         0.226     0.226 r  CLK_IBUF_inst/O
                         net (fo=1, routed)           0.631     0.858    CLK_IBUF
    BUFGCTRL_X0Y1        BUFG (Prop_bufg_I_O)         0.026     0.884 r  CLK_IBUF_BUFG_inst/O
                         net (fo=64, routed)          0.564     1.447    Processor_Advance_button/CLK
    SLICE_X36Y49         FDRE                                         r  Processor_Advance_button/count_reg[14]/C
  -------------------------------------------------------------------    -------------------
    SLICE_X36Y49         FDRE (Prop_fdre_C_Q)         0.141     1.588 r  Processor_Advance_button/count_reg[14]/Q
                         net (fo=2, routed)           0.133     1.721    Processor_Advance_button/count_reg[14]
    SLICE_X36Y49         CARRY4 (Prop_carry4_S[2]_O[2])
                                                      0.111     1.832 r  Processor_Advance_button/count_reg[12]_i_1/O[2]
                         net (fo=1, routed)           0.000     1.832    Processor_Advance_button/count_reg[12]_i_1_n_5
    SLICE_X36Y49         FDRE                                         r  Processor_Advance_button/count_reg[14]/D
  -------------------------------------------------------------------    -------------------

                         (clock sys_clk_pin rise edge)
                                                      0.000     0.000 r  
    W5                                                0.000     0.000 r  CLK (IN)
                         net (fo=0)                   0.000     0.000    CLK
    W5                   IBUF (Prop_ibuf_I_O)         0.414     0.414 r  CLK_IBUF_inst/O
                         net (fo=1, routed)           0.685     1.099    CLK_IBUF
    BUFGCTRL_X0Y1        BUFG (Prop_bufg_I_O)         0.029     1.128 r  CLK_IBUF_BUFG_inst/O
                         net (fo=64, routed)          0.833     1.960    Processor_Advance_button/CLK
    SLICE_X36Y49         FDRE                                         r  Processor_Advance_button/count_reg[14]/C
                         clock pessimism             -0.513     1.447    
    SLICE_X36Y49         FDRE (Hold_fdre_C_D)         0.105     1.552    Processor_Advance_button/count_reg[14]
  -------------------------------------------------------------------
                         required time                         -1.552    
                         arrival time                           1.832    
  -------------------------------------------------------------------
                         slack                                  0.280    

Slack (MET) :             0.280ns  (arrival time - required time)
  Source:                 Processor_Advance_button/count_reg[6]/C
                            (rising edge-triggered cell FDRE clocked by sys_clk_pin  {rise@0.000ns fall@5.000ns period=10.000ns})
  Destination:            Processor_Advance_button/count_reg[6]/D
                            (rising edge-triggered cell FDRE clocked by sys_clk_pin  {rise@0.000ns fall@5.000ns period=10.000ns})
  Path Group:             sys_clk_pin
  Path Type:              Hold (Min at Fast Process Corner)
  Requirement:            0.000ns  (sys_clk_pin rise@0.000ns - sys_clk_pin rise@0.000ns)
  Data Path Delay:        0.385ns  (logic 0.252ns (65.529%)  route 0.133ns (34.471%))
  Logic Levels:           1  (CARRY4=1)
  Clock Path Skew:        0.000ns (DCD - SCD - CPR)
    Destination Clock Delay (DCD):    1.960ns
    Source Clock Delay      (SCD):    1.447ns
    Clock Pessimism Removal (CPR):    0.513ns

    Location             Delay type                Incr(ns)  Path(ns)    Netlist Resource(s)
  -------------------------------------------------------------------    -------------------
                         (clock sys_clk_pin rise edge)
                                                      0.000     0.000 r  
    W5                                                0.000     0.000 r  CLK (IN)
                         net (fo=0)                   0.000     0.000    CLK
    W5                   IBUF (Prop_ibuf_I_O)         0.226     0.226 r  CLK_IBUF_inst/O
                         net (fo=1, routed)           0.631     0.858    CLK_IBUF
    BUFGCTRL_X0Y1        BUFG (Prop_bufg_I_O)         0.026     0.884 r  CLK_IBUF_BUFG_inst/O
                         net (fo=64, routed)          0.564     1.447    Processor_Advance_button/CLK
    SLICE_X36Y47         FDRE                                         r  Processor_Advance_button/count_reg[6]/C
  -------------------------------------------------------------------    -------------------
    SLICE_X36Y47         FDRE (Prop_fdre_C_Q)         0.141     1.588 r  Processor_Advance_button/count_reg[6]/Q
                         net (fo=2, routed)           0.133     1.721    Processor_Advance_button/count_reg[6]
    SLICE_X36Y47         CARRY4 (Prop_carry4_S[2]_O[2])
                                                      0.111     1.832 r  Processor_Advance_button/count_reg[4]_i_1/O[2]
                         net (fo=1, routed)           0.000     1.832    Processor_Advance_button/count_reg[4]_i_1_n_5
    SLICE_X36Y47         FDRE                                         r  Processor_Advance_button/count_reg[6]/D
  -------------------------------------------------------------------    -------------------

                         (clock sys_clk_pin rise edge)
                                                      0.000     0.000 r  
    W5                                                0.000     0.000 r  CLK (IN)
                         net (fo=0)                   0.000     0.000    CLK
    W5                   IBUF (Prop_ibuf_I_O)         0.414     0.414 r  CLK_IBUF_inst/O
                         net (fo=1, routed)           0.685     1.099    CLK_IBUF
    BUFGCTRL_X0Y1        BUFG (Prop_bufg_I_O)         0.029     1.128 r  CLK_IBUF_BUFG_inst/O
                         net (fo=64, routed)          0.833     1.960    Processor_Advance_button/CLK
    SLICE_X36Y47         FDRE                                         r  Processor_Advance_button/count_reg[6]/C
                         clock pessimism             -0.513     1.447    
    SLICE_X36Y47         FDRE (Hold_fdre_C_D)         0.105     1.552    Processor_Advance_button/count_reg[6]
  -------------------------------------------------------------------
                         required time                         -1.552    
                         arrival time                           1.832    
  -------------------------------------------------------------------
                         slack                                  0.280    

Slack (MET) :             0.281ns  (arrival time - required time)
  Source:                 Processor_Advance_button/count_reg[10]/C
                            (rising edge-triggered cell FDRE clocked by sys_clk_pin  {rise@0.000ns fall@5.000ns period=10.000ns})
  Destination:            Processor_Advance_button/count_reg[10]/D
                            (rising edge-triggered cell FDRE clocked by sys_clk_pin  {rise@0.000ns fall@5.000ns period=10.000ns})
  Path Group:             sys_clk_pin
  Path Type:              Hold (Min at Fast Process Corner)
  Requirement:            0.000ns  (sys_clk_pin rise@0.000ns - sys_clk_pin rise@0.000ns)
  Data Path Delay:        0.386ns  (logic 0.252ns (65.354%)  route 0.134ns (34.646%))
  Logic Levels:           1  (CARRY4=1)
  Clock Path Skew:        0.000ns (DCD - SCD - CPR)
    Destination Clock Delay (DCD):    1.960ns
    Source Clock Delay      (SCD):    1.447ns
    Clock Pessimism Removal (CPR):    0.513ns

    Location             Delay type                Incr(ns)  Path(ns)    Netlist Resource(s)
  -------------------------------------------------------------------    -------------------
                         (clock sys_clk_pin rise edge)
                                                      0.000     0.000 r  
    W5                                                0.000     0.000 r  CLK (IN)
                         net (fo=0)                   0.000     0.000    CLK
    W5                   IBUF (Prop_ibuf_I_O)         0.226     0.226 r  CLK_IBUF_inst/O
                         net (fo=1, routed)           0.631     0.858    CLK_IBUF
    BUFGCTRL_X0Y1        BUFG (Prop_bufg_I_O)         0.026     0.884 r  CLK_IBUF_BUFG_inst/O
                         net (fo=64, routed)          0.564     1.447    Processor_Advance_button/CLK
    SLICE_X36Y48         FDRE                                         r  Processor_Advance_button/count_reg[10]/C
  -------------------------------------------------------------------    -------------------
    SLICE_X36Y48         FDRE (Prop_fdre_C_Q)         0.141     1.588 r  Processor_Advance_button/count_reg[10]/Q
                         net (fo=2, routed)           0.134     1.722    Processor_Advance_button/count_reg[10]
    SLICE_X36Y48         CARRY4 (Prop_carry4_S[2]_O[2])
                                                      0.111     1.833 r  Processor_Advance_button/count_reg[8]_i_1/O[2]
                         net (fo=1, routed)           0.000     1.833    Processor_Advance_button/count_reg[8]_i_1_n_5
    SLICE_X36Y48         FDRE                                         r  Processor_Advance_button/count_reg[10]/D
  -------------------------------------------------------------------    -------------------

                         (clock sys_clk_pin rise edge)
                                                      0.000     0.000 r  
    W5                                                0.000     0.000 r  CLK (IN)
                         net (fo=0)                   0.000     0.000    CLK
    W5                   IBUF (Prop_ibuf_I_O)         0.414     0.414 r  CLK_IBUF_inst/O
                         net (fo=1, routed)           0.685     1.099    CLK_IBUF
    BUFGCTRL_X0Y1        BUFG (Prop_bufg_I_O)         0.029     1.128 r  CLK_IBUF_BUFG_inst/O
                         net (fo=64, routed)          0.833     1.960    Processor_Advance_button/CLK
    SLICE_X36Y48         FDRE                                         r  Processor_Advance_button/count_reg[10]/C
                         clock pessimism             -0.513     1.447    
    SLICE_X36Y48         FDRE (Hold_fdre_C_D)         0.105     1.552    Processor_Advance_button/count_reg[10]
  -------------------------------------------------------------------
                         required time                         -1.552    
                         arrival time                           1.833    
  -------------------------------------------------------------------
                         slack                                  0.281    

Slack (MET) :             0.313ns  (arrival time - required time)
  Source:                 Processor_Advance_button/count_reg[14]/C
                            (rising edge-triggered cell FDRE clocked by sys_clk_pin  {rise@0.000ns fall@5.000ns period=10.000ns})
  Destination:            Processor_Advance_button/count_reg[15]/D
                            (rising edge-triggered cell FDRE clocked by sys_clk_pin  {rise@0.000ns fall@5.000ns period=10.000ns})
  Path Group:             sys_clk_pin
  Path Type:              Hold (Min at Fast Process Corner)
  Requirement:            0.000ns  (sys_clk_pin rise@0.000ns - sys_clk_pin rise@0.000ns)
  Data Path Delay:        0.418ns  (logic 0.285ns (68.254%)  route 0.133ns (31.747%))
  Logic Levels:           1  (CARRY4=1)
  Clock Path Skew:        0.000ns (DCD - SCD - CPR)
    Destination Clock Delay (DCD):    1.960ns
    Source Clock Delay      (SCD):    1.447ns
    Clock Pessimism Removal (CPR):    0.513ns

    Location             Delay type                Incr(ns)  Path(ns)    Netlist Resource(s)
  -------------------------------------------------------------------    -------------------
                         (clock sys_clk_pin rise edge)
                                                      0.000     0.000 r  
    W5                                                0.000     0.000 r  CLK (IN)
                         net (fo=0)                   0.000     0.000    CLK
    W5                   IBUF (Prop_ibuf_I_O)         0.226     0.226 r  CLK_IBUF_inst/O
                         net (fo=1, routed)           0.631     0.858    CLK_IBUF
    BUFGCTRL_X0Y1        BUFG (Prop_bufg_I_O)         0.026     0.884 r  CLK_IBUF_BUFG_inst/O
                         net (fo=64, routed)          0.564     1.447    Processor_Advance_button/CLK
    SLICE_X36Y49         FDRE                                         r  Processor_Advance_button/count_reg[14]/C
  -------------------------------------------------------------------    -------------------
    SLICE_X36Y49         FDRE (Prop_fdre_C_Q)         0.141     1.588 r  Processor_Advance_button/count_reg[14]/Q
                         net (fo=2, routed)           0.133     1.721    Processor_Advance_button/count_reg[14]
    SLICE_X36Y49         CARRY4 (Prop_carry4_S[2]_O[3])
                                                      0.144     1.865 r  Processor_Advance_button/count_reg[12]_i_1/O[3]
                         net (fo=1, routed)           0.000     1.865    Processor_Advance_button/count_reg[12]_i_1_n_4
    SLICE_X36Y49         FDRE                                         r  Processor_Advance_button/count_reg[15]/D
  -------------------------------------------------------------------    -------------------

                         (clock sys_clk_pin rise edge)
                                                      0.000     0.000 r  
    W5                                                0.000     0.000 r  CLK (IN)
                         net (fo=0)                   0.000     0.000    CLK
    W5                   IBUF (Prop_ibuf_I_O)         0.414     0.414 r  CLK_IBUF_inst/O
                         net (fo=1, routed)           0.685     1.099    CLK_IBUF
    BUFGCTRL_X0Y1        BUFG (Prop_bufg_I_O)         0.029     1.128 r  CLK_IBUF_BUFG_inst/O
                         net (fo=64, routed)          0.833     1.960    Processor_Advance_button/CLK
    SLICE_X36Y49         FDRE                                         r  Processor_Advance_button/count_reg[15]/C
                         clock pessimism             -0.513     1.447    
    SLICE_X36Y49         FDRE (Hold_fdre_C_D)         0.105     1.552    Processor_Advance_button/count_reg[15]
  -------------------------------------------------------------------
                         required time                         -1.552    
                         arrival time                           1.865    
  -------------------------------------------------------------------
                         slack                                  0.313    

Slack (MET) :             0.313ns  (arrival time - required time)
  Source:                 Processor_Advance_button/count_reg[2]/C
                            (rising edge-triggered cell FDRE clocked by sys_clk_pin  {rise@0.000ns fall@5.000ns period=10.000ns})
  Destination:            Processor_Advance_button/count_reg[3]/D
                            (rising edge-triggered cell FDRE clocked by sys_clk_pin  {rise@0.000ns fall@5.000ns period=10.000ns})
  Path Group:             sys_clk_pin
  Path Type:              Hold (Min at Fast Process Corner)
  Requirement:            0.000ns  (sys_clk_pin rise@0.000ns - sys_clk_pin rise@0.000ns)
  Data Path Delay:        0.418ns  (logic 0.285ns (68.253%)  route 0.133ns (31.747%))
  Logic Levels:           1  (CARRY4=1)
  Clock Path Skew:        0.000ns (DCD - SCD - CPR)
    Destination Clock Delay (DCD):    1.959ns
    Source Clock Delay      (SCD):    1.446ns
    Clock Pessimism Removal (CPR):    0.513ns

    Location             Delay type                Incr(ns)  Path(ns)    Netlist Resource(s)
  -------------------------------------------------------------------    -------------------
                         (clock sys_clk_pin rise edge)
                                                      0.000     0.000 r  
    W5                                                0.000     0.000 r  CLK (IN)
                         net (fo=0)                   0.000     0.000    CLK
    W5                   IBUF (Prop_ibuf_I_O)         0.226     0.226 r  CLK_IBUF_inst/O
                         net (fo=1, routed)           0.631     0.858    CLK_IBUF
    BUFGCTRL_X0Y1        BUFG (Prop_bufg_I_O)         0.026     0.884 r  CLK_IBUF_BUFG_inst/O
                         net (fo=64, routed)          0.563     1.446    Processor_Advance_button/CLK
    SLICE_X36Y46         FDRE                                         r  Processor_Advance_button/count_reg[2]/C
  -------------------------------------------------------------------    -------------------
    SLICE_X36Y46         FDRE (Prop_fdre_C_Q)         0.141     1.587 r  Processor_Advance_button/count_reg[2]/Q
                         net (fo=2, routed)           0.133     1.720    Processor_Advance_button/count_reg[2]
    SLICE_X36Y46         CARRY4 (Prop_carry4_S[2]_O[3])
                                                      0.144     1.864 r  Processor_Advance_button/count_reg[0]_i_1/O[3]
                         net (fo=1, routed)           0.000     1.864    Processor_Advance_button/count_reg[0]_i_1_n_4
    SLICE_X36Y46         FDRE                                         r  Processor_Advance_button/count_reg[3]/D
  -------------------------------------------------------------------    -------------------

                         (clock sys_clk_pin rise edge)
                                                      0.000     0.000 r  
    W5                                                0.000     0.000 r  CLK (IN)
                         net (fo=0)                   0.000     0.000    CLK
    W5                   IBUF (Prop_ibuf_I_O)         0.414     0.414 r  CLK_IBUF_inst/O
                         net (fo=1, routed)           0.685     1.099    CLK_IBUF
    BUFGCTRL_X0Y1        BUFG (Prop_bufg_I_O)         0.029     1.128 r  CLK_IBUF_BUFG_inst/O
                         net (fo=64, routed)          0.832     1.959    Processor_Advance_button/CLK
    SLICE_X36Y46         FDRE                                         r  Processor_Advance_button/count_reg[3]/C
                         clock pessimism             -0.513     1.446    
    SLICE_X36Y46         FDRE (Hold_fdre_C_D)         0.105     1.551    Processor_Advance_button/count_reg[3]
  -------------------------------------------------------------------
                         required time                         -1.551    
                         arrival time                           1.864    
  -------------------------------------------------------------------
                         slack                                  0.313    

Slack (MET) :             0.313ns  (arrival time - required time)
  Source:                 Processor_Advance_button/count_reg[6]/C
                            (rising edge-triggered cell FDRE clocked by sys_clk_pin  {rise@0.000ns fall@5.000ns period=10.000ns})
  Destination:            Processor_Advance_button/count_reg[7]/D
                            (rising edge-triggered cell FDRE clocked by sys_clk_pin  {rise@0.000ns fall@5.000ns period=10.000ns})
  Path Group:             sys_clk_pin
  Path Type:              Hold (Min at Fast Process Corner)
  Requirement:            0.000ns  (sys_clk_pin rise@0.000ns - sys_clk_pin rise@0.000ns)
  Data Path Delay:        0.418ns  (logic 0.285ns (68.254%)  route 0.133ns (31.747%))
  Logic Levels:           1  (CARRY4=1)
  Clock Path Skew:        0.000ns (DCD - SCD - CPR)
    Destination Clock Delay (DCD):    1.960ns
    Source Clock Delay      (SCD):    1.447ns
    Clock Pessimism Removal (CPR):    0.513ns

    Location             Delay type                Incr(ns)  Path(ns)    Netlist Resource(s)
  -------------------------------------------------------------------    -------------------
                         (clock sys_clk_pin rise edge)
                                                      0.000     0.000 r  
    W5                                                0.000     0.000 r  CLK (IN)
                         net (fo=0)                   0.000     0.000    CLK
    W5                   IBUF (Prop_ibuf_I_O)         0.226     0.226 r  CLK_IBUF_inst/O
                         net (fo=1, routed)           0.631     0.858    CLK_IBUF
    BUFGCTRL_X0Y1        BUFG (Prop_bufg_I_O)         0.026     0.884 r  CLK_IBUF_BUFG_inst/O
                         net (fo=64, routed)          0.564     1.447    Processor_Advance_button/CLK
    SLICE_X36Y47         FDRE                                         r  Processor_Advance_button/count_reg[6]/C
  -------------------------------------------------------------------    -------------------
    SLICE_X36Y47         FDRE (Prop_fdre_C_Q)         0.141     1.588 r  Processor_Advance_button/count_reg[6]/Q
                         net (fo=2, routed)           0.133     1.721    Processor_Advance_button/count_reg[6]
    SLICE_X36Y47         CARRY4 (Prop_carry4_S[2]_O[3])
                                                      0.144     1.865 r  Processor_Advance_button/count_reg[4]_i_1/O[3]
                         net (fo=1, routed)           0.000     1.865    Processor_Advance_button/count_reg[4]_i_1_n_4
    SLICE_X36Y47         FDRE                                         r  Processor_Advance_button/count_reg[7]/D
  -------------------------------------------------------------------    -------------------

                         (clock sys_clk_pin rise edge)
                                                      0.000     0.000 r  
    W5                                                0.000     0.000 r  CLK (IN)
                         net (fo=0)                   0.000     0.000    CLK
    W5                   IBUF (Prop_ibuf_I_O)         0.414     0.414 r  CLK_IBUF_inst/O
                         net (fo=1, routed)           0.685     1.099    CLK_IBUF
    BUFGCTRL_X0Y1        BUFG (Prop_bufg_I_O)         0.029     1.128 r  CLK_IBUF_BUFG_inst/O
                         net (fo=64, routed)          0.833     1.960    Processor_Advance_button/CLK
    SLICE_X36Y47         FDRE                                         r  Processor_Advance_button/count_reg[7]/C
                         clock pessimism             -0.513     1.447    
    SLICE_X36Y47         FDRE (Hold_fdre_C_D)         0.105     1.552    Processor_Advance_button/count_reg[7]
  -------------------------------------------------------------------
                         required time                         -1.552    
                         arrival time                           1.865    
  -------------------------------------------------------------------
                         slack                                  0.313    





Pulse Width Checks
--------------------------------------------------------------------------------------
Clock Name:         sys_clk_pin
Waveform(ns):       { 0.000 5.000 }
Period(ns):         10.000
Sources:            { CLK }

Check Type        Corner  Lib Pin  Reference Pin  Required(ns)  Actual(ns)  Slack(ns)  Location       Pin
Min Period        n/a     BUFG/I   n/a            2.155         10.000      7.845      BUFGCTRL_X0Y1  CLK_IBUF_BUFG_inst/I
Min Period        n/a     FDCE/C   n/a            1.000         10.000      9.000      SLICE_X5Y28    Pico_Blazeee/Output/Buffer_digits/Data_out_reg[0]/C
Min Period        n/a     FDCE/C   n/a            1.000         10.000      9.000      SLICE_X4Y28    Pico_Blazeee/Output/Buffer_digits/Data_out_reg[11]/C
Min Period        n/a     FDCE/C   n/a            1.000         10.000      9.000      SLICE_X4Y29    Pico_Blazeee/Output/Buffer_digits/Data_out_reg[1]/C
Min Period        n/a     FDCE/C   n/a            1.000         10.000      9.000      SLICE_X4Y28    Pico_Blazeee/Output/Buffer_digits/Data_out_reg[2]/C
Min Period        n/a     FDCE/C   n/a            1.000         10.000      9.000      SLICE_X4Y28    Pico_Blazeee/Output/Buffer_digits/Data_out_reg[3]/C
Min Period        n/a     FDCE/C   n/a            1.000         10.000      9.000      SLICE_X5Y28    Pico_Blazeee/Output/Buffer_digits/Data_out_reg[4]/C
Min Period        n/a     FDCE/C   n/a            1.000         10.000      9.000      SLICE_X5Y28    Pico_Blazeee/Output/Buffer_digits/Data_out_reg[5]/C
Min Period        n/a     FDCE/C   n/a            1.000         10.000      9.000      SLICE_X4Y29    Pico_Blazeee/Output/Buffer_digits/Data_out_reg[6]/C
Min Period        n/a     FDCE/C   n/a            1.000         10.000      9.000      SLICE_X4Y30    Pico_Blazeee/Output/Buffer_digits/Data_out_reg[7]/C
Low Pulse Width   Slow    FDCE/C   n/a            0.500         5.000       4.500      SLICE_X5Y28    Pico_Blazeee/Output/Buffer_digits/Data_out_reg[0]/C
Low Pulse Width   Fast    FDCE/C   n/a            0.500         5.000       4.500      SLICE_X5Y28    Pico_Blazeee/Output/Buffer_digits/Data_out_reg[0]/C
Low Pulse Width   Slow    FDCE/C   n/a            0.500         5.000       4.500      SLICE_X4Y28    Pico_Blazeee/Output/Buffer_digits/Data_out_reg[11]/C
Low Pulse Width   Fast    FDCE/C   n/a            0.500         5.000       4.500      SLICE_X4Y28    Pico_Blazeee/Output/Buffer_digits/Data_out_reg[11]/C
Low Pulse Width   Slow    FDCE/C   n/a            0.500         5.000       4.500      SLICE_X4Y29    Pico_Blazeee/Output/Buffer_digits/Data_out_reg[1]/C
Low Pulse Width   Fast    FDCE/C   n/a            0.500         5.000       4.500      SLICE_X4Y29    Pico_Blazeee/Output/Buffer_digits/Data_out_reg[1]/C
Low Pulse Width   Slow    FDCE/C   n/a            0.500         5.000       4.500      SLICE_X4Y28    Pico_Blazeee/Output/Buffer_digits/Data_out_reg[2]/C
Low Pulse Width   Fast    FDCE/C   n/a            0.500         5.000       4.500      SLICE_X4Y28    Pico_Blazeee/Output/Buffer_digits/Data_out_reg[2]/C
Low Pulse Width   Slow    FDCE/C   n/a            0.500         5.000       4.500      SLICE_X4Y28    Pico_Blazeee/Output/Buffer_digits/Data_out_reg[3]/C
Low Pulse Width   Fast    FDCE/C   n/a            0.500         5.000       4.500      SLICE_X4Y28    Pico_Blazeee/Output/Buffer_digits/Data_out_reg[3]/C
High Pulse Width  Slow    FDCE/C   n/a            0.500         5.000       4.500      SLICE_X5Y28    Pico_Blazeee/Output/Buffer_digits/Data_out_reg[0]/C
High Pulse Width  Fast    FDCE/C   n/a            0.500         5.000       4.500      SLICE_X5Y28    Pico_Blazeee/Output/Buffer_digits/Data_out_reg[0]/C
High Pulse Width  Slow    FDCE/C   n/a            0.500         5.000       4.500      SLICE_X4Y28    Pico_Blazeee/Output/Buffer_digits/Data_out_reg[11]/C
High Pulse Width  Fast    FDCE/C   n/a            0.500         5.000       4.500      SLICE_X4Y28    Pico_Blazeee/Output/Buffer_digits/Data_out_reg[11]/C
High Pulse Width  Slow    FDCE/C   n/a            0.500         5.000       4.500      SLICE_X4Y29    Pico_Blazeee/Output/Buffer_digits/Data_out_reg[1]/C
High Pulse Width  Fast    FDCE/C   n/a            0.500         5.000       4.500      SLICE_X4Y29    Pico_Blazeee/Output/Buffer_digits/Data_out_reg[1]/C
High Pulse Width  Slow    FDCE/C   n/a            0.500         5.000       4.500      SLICE_X4Y28    Pico_Blazeee/Output/Buffer_digits/Data_out_reg[2]/C
High Pulse Width  Fast    FDCE/C   n/a            0.500         5.000       4.500      SLICE_X4Y28    Pico_Blazeee/Output/Buffer_digits/Data_out_reg[2]/C
High Pulse Width  Slow    FDCE/C   n/a            0.500         5.000       4.500      SLICE_X4Y28    Pico_Blazeee/Output/Buffer_digits/Data_out_reg[3]/C
High Pulse Width  Fast    FDCE/C   n/a            0.500         5.000       4.500      SLICE_X4Y28    Pico_Blazeee/Output/Buffer_digits/Data_out_reg[3]/C



--------------------------------------------------------------------------------------
Path Group:  (none)
From Clock:  
  To Clock:  

Max Delay           301 Endpoints
Min Delay           301 Endpoints
--------------------------------------------------------------------------------------


Max Delay Paths
--------------------------------------------------------------------------------------
Slack:                    inf
  Source:                 Segmed7print/Count_reg[12]/C
                            (rising edge-triggered cell FDCE)
  Destination:            Cathodes[6]
                            (output port)
  Path Group:             (none)
  Path Type:              Max at Slow Process Corner
  Data Path Delay:        13.702ns  (logic 4.991ns (36.429%)  route 8.710ns (63.571%))
  Logic Levels:           9  (FDCE=1 LUT2=1 LUT4=2 LUT5=1 LUT6=3 OBUF=1)

    Location             Delay type                Incr(ns)  Path(ns)    Netlist Resource(s)
  -------------------------------------------------------------------    -------------------
    SLICE_X7Y27          FDCE                         0.000     0.000 r  Segmed7print/Count_reg[12]/C
    SLICE_X7Y27          FDCE (Prop_fdce_C_Q)         0.419     0.419 r  Segmed7print/Count_reg[12]/Q
                         net (fo=2, routed)           0.820     1.239    Segmed7print/p_0_in[18]
    SLICE_X7Y28          LUT4 (Prop_lut4_I1_O)        0.297     1.536 r  Segmed7print/Cathodes_OBUF[6]_inst_i_16/O
                         net (fo=2, routed)           0.587     2.123    Segmed7print/Cathodes_OBUF[6]_inst_i_16_n_0
    SLICE_X5Y27          LUT5 (Prop_lut5_I0_O)        0.124     2.247 r  Segmed7print/Anodes_OBUF[2]_inst_i_8/O
                         net (fo=1, routed)           0.288     2.535    Segmed7print/Anodes_OBUF[2]_inst_i_8_n_0
    SLICE_X7Y27          LUT6 (Prop_lut6_I5_O)        0.124     2.659 r  Segmed7print/Anodes_OBUF[2]_inst_i_3/O
                         net (fo=3, routed)           0.605     3.264    Segmed7print/Count_reg[21]_0
    SLICE_X5Y27          LUT6 (Prop_lut6_I0_O)        0.124     3.388 r  Segmed7print/Anodes_OBUF[2]_inst_i_2/O
                         net (fo=4, routed)           0.818     4.206    Pico_Blazeee/Output/Buffer_digits/Cathodes_OBUF[6]_inst_i_7
    SLICE_X5Y26          LUT2 (Prop_lut2_I1_O)        0.124     4.330 f  Pico_Blazeee/Output/Buffer_digits/Cathodes_OBUF[6]_inst_i_3/O
                         net (fo=10, routed)          0.602     4.932    Pico_Blazeee/Output/Buffer_digits/Dont_print_reg_0
    SLICE_X4Y27          LUT4 (Prop_lut4_I0_O)        0.124     5.056 r  Pico_Blazeee/Output/Buffer_digits/Cathodes_OBUF[6]_inst_i_5/O
                         net (fo=7, routed)           1.340     6.396    Pico_Blazeee/Output/Buffer_digits/Cathodes_OBUF[6]_inst_i_5_n_0
    SLICE_X6Y20          LUT6 (Prop_lut6_I3_O)        0.124     6.520 r  Pico_Blazeee/Output/Buffer_digits/Cathodes_OBUF[6]_inst_i_1/O
                         net (fo=1, routed)           3.650    10.170    Cathodes_OBUF[6]
    U7                   OBUF (Prop_obuf_I_O)         3.531    13.702 r  Cathodes_OBUF[6]_inst/O
                         net (fo=0)                   0.000    13.702    Cathodes[6]
    U7                                                                r  Cathodes[6] (OUT)
  -------------------------------------------------------------------    -------------------

Slack:                    inf
  Source:                 Segmed7print/Count_reg[12]/C
                            (rising edge-triggered cell FDCE)
  Destination:            Cathodes[5]
                            (output port)
  Path Group:             (none)
  Path Type:              Max at Slow Process Corner
  Data Path Delay:        13.423ns  (logic 4.964ns (36.984%)  route 8.459ns (63.016%))
  Logic Levels:           9  (FDCE=1 LUT2=1 LUT4=2 LUT5=1 LUT6=3 OBUF=1)

    Location             Delay type                Incr(ns)  Path(ns)    Netlist Resource(s)
  -------------------------------------------------------------------    -------------------
    SLICE_X7Y27          FDCE                         0.000     0.000 r  Segmed7print/Count_reg[12]/C
    SLICE_X7Y27          FDCE (Prop_fdce_C_Q)         0.419     0.419 r  Segmed7print/Count_reg[12]/Q
                         net (fo=2, routed)           0.820     1.239    Segmed7print/p_0_in[18]
    SLICE_X7Y28          LUT4 (Prop_lut4_I1_O)        0.297     1.536 r  Segmed7print/Cathodes_OBUF[6]_inst_i_16/O
                         net (fo=2, routed)           0.587     2.123    Segmed7print/Cathodes_OBUF[6]_inst_i_16_n_0
    SLICE_X5Y27          LUT5 (Prop_lut5_I0_O)        0.124     2.247 r  Segmed7print/Anodes_OBUF[2]_inst_i_8/O
                         net (fo=1, routed)           0.288     2.535    Segmed7print/Anodes_OBUF[2]_inst_i_8_n_0
    SLICE_X7Y27          LUT6 (Prop_lut6_I5_O)        0.124     2.659 r  Segmed7print/Anodes_OBUF[2]_inst_i_3/O
                         net (fo=3, routed)           0.605     3.264    Segmed7print/Count_reg[21]_0
    SLICE_X5Y27          LUT6 (Prop_lut6_I0_O)        0.124     3.388 r  Segmed7print/Anodes_OBUF[2]_inst_i_2/O
                         net (fo=4, routed)           0.818     4.206    Pico_Blazeee/Output/Buffer_digits/Cathodes_OBUF[6]_inst_i_7
    SLICE_X5Y26          LUT2 (Prop_lut2_I1_O)        0.124     4.330 f  Pico_Blazeee/Output/Buffer_digits/Cathodes_OBUF[6]_inst_i_3/O
                         net (fo=10, routed)          0.602     4.932    Pico_Blazeee/Output/Buffer_digits/Dont_print_reg_0
    SLICE_X4Y27          LUT4 (Prop_lut4_I0_O)        0.124     5.056 r  Pico_Blazeee/Output/Buffer_digits/Cathodes_OBUF[6]_inst_i_5/O
                         net (fo=7, routed)           1.254     6.310    Pico_Blazeee/Output/Buffer_digits/Cathodes_OBUF[6]_inst_i_5_n_0
    SLICE_X6Y20          LUT6 (Prop_lut6_I4_O)        0.124     6.434 r  Pico_Blazeee/Output/Buffer_digits/Cathodes_OBUF[5]_inst_i_1/O
                         net (fo=1, routed)           3.485     9.919    Cathodes_OBUF[5]
    V5                   OBUF (Prop_obuf_I_O)         3.504    13.423 r  Cathodes_OBUF[5]_inst/O
                         net (fo=0)                   0.000    13.423    Cathodes[5]
    V5                                                                r  Cathodes[5] (OUT)
  -------------------------------------------------------------------    -------------------

Slack:                    inf
  Source:                 Segmed7print/Count_reg[12]/C
                            (rising edge-triggered cell FDCE)
  Destination:            Cathodes[4]
                            (output port)
  Path Group:             (none)
  Path Type:              Max at Slow Process Corner
  Data Path Delay:        13.406ns  (logic 4.980ns (37.147%)  route 8.426ns (62.853%))
  Logic Levels:           9  (FDCE=1 LUT2=1 LUT4=2 LUT5=1 LUT6=3 OBUF=1)

    Location             Delay type                Incr(ns)  Path(ns)    Netlist Resource(s)
  -------------------------------------------------------------------    -------------------
    SLICE_X7Y27          FDCE                         0.000     0.000 r  Segmed7print/Count_reg[12]/C
    SLICE_X7Y27          FDCE (Prop_fdce_C_Q)         0.419     0.419 r  Segmed7print/Count_reg[12]/Q
                         net (fo=2, routed)           0.820     1.239    Segmed7print/p_0_in[18]
    SLICE_X7Y28          LUT4 (Prop_lut4_I1_O)        0.297     1.536 r  Segmed7print/Cathodes_OBUF[6]_inst_i_16/O
                         net (fo=2, routed)           0.587     2.123    Segmed7print/Cathodes_OBUF[6]_inst_i_16_n_0
    SLICE_X5Y27          LUT5 (Prop_lut5_I0_O)        0.124     2.247 r  Segmed7print/Anodes_OBUF[2]_inst_i_8/O
                         net (fo=1, routed)           0.288     2.535    Segmed7print/Anodes_OBUF[2]_inst_i_8_n_0
    SLICE_X7Y27          LUT6 (Prop_lut6_I5_O)        0.124     2.659 r  Segmed7print/Anodes_OBUF[2]_inst_i_3/O
                         net (fo=3, routed)           0.605     3.264    Segmed7print/Count_reg[21]_0
    SLICE_X5Y27          LUT6 (Prop_lut6_I0_O)        0.124     3.388 r  Segmed7print/Anodes_OBUF[2]_inst_i_2/O
                         net (fo=4, routed)           0.818     4.206    Pico_Blazeee/Output/Buffer_digits/Cathodes_OBUF[6]_inst_i_7
    SLICE_X5Y26          LUT2 (Prop_lut2_I1_O)        0.124     4.330 f  Pico_Blazeee/Output/Buffer_digits/Cathodes_OBUF[6]_inst_i_3/O
                         net (fo=10, routed)          0.602     4.932    Pico_Blazeee/Output/Buffer_digits/Dont_print_reg_0
    SLICE_X4Y27          LUT4 (Prop_lut4_I0_O)        0.124     5.056 r  Pico_Blazeee/Output/Buffer_digits/Cathodes_OBUF[6]_inst_i_5/O
                         net (fo=7, routed)           1.257     6.313    Pico_Blazeee/Output/Buffer_digits/Cathodes_OBUF[6]_inst_i_5_n_0
    SLICE_X6Y20          LUT6 (Prop_lut6_I5_O)        0.124     6.437 r  Pico_Blazeee/Output/Buffer_digits/Cathodes_OBUF[4]_inst_i_1/O
                         net (fo=1, routed)           3.449     9.886    Cathodes_OBUF[4]
    U5                   OBUF (Prop_obuf_I_O)         3.520    13.406 r  Cathodes_OBUF[4]_inst/O
                         net (fo=0)                   0.000    13.406    Cathodes[4]
    U5                                                                r  Cathodes[4] (OUT)
  -------------------------------------------------------------------    -------------------

Slack:                    inf
  Source:                 Segmed7print/Count_reg[12]/C
                            (rising edge-triggered cell FDCE)
  Destination:            Cathodes[2]
                            (output port)
  Path Group:             (none)
  Path Type:              Max at Slow Process Corner
  Data Path Delay:        13.215ns  (logic 4.995ns (37.800%)  route 8.220ns (62.200%))
  Logic Levels:           9  (FDCE=1 LUT2=1 LUT4=2 LUT5=1 LUT6=3 OBUF=1)

    Location             Delay type                Incr(ns)  Path(ns)    Netlist Resource(s)
  -------------------------------------------------------------------    -------------------
    SLICE_X7Y27          FDCE                         0.000     0.000 r  Segmed7print/Count_reg[12]/C
    SLICE_X7Y27          FDCE (Prop_fdce_C_Q)         0.419     0.419 r  Segmed7print/Count_reg[12]/Q
                         net (fo=2, routed)           0.820     1.239    Segmed7print/p_0_in[18]
    SLICE_X7Y28          LUT4 (Prop_lut4_I1_O)        0.297     1.536 r  Segmed7print/Cathodes_OBUF[6]_inst_i_16/O
                         net (fo=2, routed)           0.587     2.123    Segmed7print/Cathodes_OBUF[6]_inst_i_16_n_0
    SLICE_X5Y27          LUT5 (Prop_lut5_I0_O)        0.124     2.247 r  Segmed7print/Anodes_OBUF[2]_inst_i_8/O
                         net (fo=1, routed)           0.288     2.535    Segmed7print/Anodes_OBUF[2]_inst_i_8_n_0
    SLICE_X7Y27          LUT6 (Prop_lut6_I5_O)        0.124     2.659 r  Segmed7print/Anodes_OBUF[2]_inst_i_3/O
                         net (fo=3, routed)           0.605     3.264    Segmed7print/Count_reg[21]_0
    SLICE_X5Y27          LUT6 (Prop_lut6_I0_O)        0.124     3.388 r  Segmed7print/Anodes_OBUF[2]_inst_i_2/O
                         net (fo=4, routed)           0.818     4.206    Pico_Blazeee/Output/Buffer_digits/Cathodes_OBUF[6]_inst_i_7
    SLICE_X5Y26          LUT2 (Prop_lut2_I1_O)        0.124     4.330 f  Pico_Blazeee/Output/Buffer_digits/Cathodes_OBUF[6]_inst_i_3/O
                         net (fo=10, routed)          0.602     4.932    Pico_Blazeee/Output/Buffer_digits/Dont_print_reg_0
    SLICE_X4Y27          LUT4 (Prop_lut4_I0_O)        0.124     5.056 r  Pico_Blazeee/Output/Buffer_digits/Cathodes_OBUF[6]_inst_i_5/O
                         net (fo=7, routed)           1.056     6.112    Pico_Blazeee/Output/Buffer_digits/Cathodes_OBUF[6]_inst_i_5_n_0
    SLICE_X6Y21          LUT6 (Prop_lut6_I5_O)        0.124     6.236 r  Pico_Blazeee/Output/Buffer_digits/Cathodes_OBUF[2]_inst_i_1/O
                         net (fo=1, routed)           3.444     9.680    Cathodes_OBUF[2]
    U8                   OBUF (Prop_obuf_I_O)         3.535    13.215 r  Cathodes_OBUF[2]_inst/O
                         net (fo=0)                   0.000    13.215    Cathodes[2]
    U8                                                                r  Cathodes[2] (OUT)
  -------------------------------------------------------------------    -------------------

Slack:                    inf
  Source:                 Segmed7print/Count_reg[12]/C
                            (rising edge-triggered cell FDCE)
  Destination:            Cathodes[0]
                            (output port)
  Path Group:             (none)
  Path Type:              Max at Slow Process Corner
  Data Path Delay:        13.168ns  (logic 4.971ns (37.747%)  route 8.198ns (62.253%))
  Logic Levels:           9  (FDCE=1 LUT2=1 LUT4=2 LUT5=1 LUT6=3 OBUF=1)

    Location             Delay type                Incr(ns)  Path(ns)    Netlist Resource(s)
  -------------------------------------------------------------------    -------------------
    SLICE_X7Y27          FDCE                         0.000     0.000 r  Segmed7print/Count_reg[12]/C
    SLICE_X7Y27          FDCE (Prop_fdce_C_Q)         0.419     0.419 r  Segmed7print/Count_reg[12]/Q
                         net (fo=2, routed)           0.820     1.239    Segmed7print/p_0_in[18]
    SLICE_X7Y28          LUT4 (Prop_lut4_I1_O)        0.297     1.536 r  Segmed7print/Cathodes_OBUF[6]_inst_i_16/O
                         net (fo=2, routed)           0.587     2.123    Segmed7print/Cathodes_OBUF[6]_inst_i_16_n_0
    SLICE_X5Y27          LUT5 (Prop_lut5_I0_O)        0.124     2.247 r  Segmed7print/Anodes_OBUF[2]_inst_i_8/O
                         net (fo=1, routed)           0.288     2.535    Segmed7print/Anodes_OBUF[2]_inst_i_8_n_0
    SLICE_X7Y27          LUT6 (Prop_lut6_I5_O)        0.124     2.659 r  Segmed7print/Anodes_OBUF[2]_inst_i_3/O
                         net (fo=3, routed)           0.605     3.264    Segmed7print/Count_reg[21]_0
    SLICE_X5Y27          LUT6 (Prop_lut6_I0_O)        0.124     3.388 r  Segmed7print/Anodes_OBUF[2]_inst_i_2/O
                         net (fo=4, routed)           0.818     4.206    Pico_Blazeee/Output/Buffer_digits/Cathodes_OBUF[6]_inst_i_7
    SLICE_X5Y26          LUT2 (Prop_lut2_I1_O)        0.124     4.330 f  Pico_Blazeee/Output/Buffer_digits/Cathodes_OBUF[6]_inst_i_3/O
                         net (fo=10, routed)          0.602     4.932    Pico_Blazeee/Output/Buffer_digits/Dont_print_reg_0
    SLICE_X4Y27          LUT4 (Prop_lut4_I0_O)        0.124     5.056 r  Pico_Blazeee/Output/Buffer_digits/Cathodes_OBUF[6]_inst_i_5/O
                         net (fo=7, routed)           1.034     6.090    Pico_Blazeee/Output/Buffer_digits/Cathodes_OBUF[6]_inst_i_5_n_0
    SLICE_X6Y23          LUT6 (Prop_lut6_I3_O)        0.124     6.214 r  Pico_Blazeee/Output/Buffer_digits/Cathodes_OBUF[0]_inst_i_1/O
                         net (fo=1, routed)           3.444     9.658    Cathodes_OBUF[0]
    W7                   OBUF (Prop_obuf_I_O)         3.511    13.168 r  Cathodes_OBUF[0]_inst/O
                         net (fo=0)                   0.000    13.168    Cathodes[0]
    W7                                                                r  Cathodes[0] (OUT)
  -------------------------------------------------------------------    -------------------

Slack:                    inf
  Source:                 Segmed7print/Count_reg[12]/C
                            (rising edge-triggered cell FDCE)
  Destination:            Cathodes[3]
                            (output port)
  Path Group:             (none)
  Path Type:              Max at Slow Process Corner
  Data Path Delay:        13.064ns  (logic 4.996ns (38.239%)  route 8.069ns (61.761%))
  Logic Levels:           9  (FDCE=1 LUT2=1 LUT4=2 LUT5=1 LUT6=3 OBUF=1)

    Location             Delay type                Incr(ns)  Path(ns)    Netlist Resource(s)
  -------------------------------------------------------------------    -------------------
    SLICE_X7Y27          FDCE                         0.000     0.000 r  Segmed7print/Count_reg[12]/C
    SLICE_X7Y27          FDCE (Prop_fdce_C_Q)         0.419     0.419 r  Segmed7print/Count_reg[12]/Q
                         net (fo=2, routed)           0.820     1.239    Segmed7print/p_0_in[18]
    SLICE_X7Y28          LUT4 (Prop_lut4_I1_O)        0.297     1.536 r  Segmed7print/Cathodes_OBUF[6]_inst_i_16/O
                         net (fo=2, routed)           0.587     2.123    Segmed7print/Cathodes_OBUF[6]_inst_i_16_n_0
    SLICE_X5Y27          LUT5 (Prop_lut5_I0_O)        0.124     2.247 r  Segmed7print/Anodes_OBUF[2]_inst_i_8/O
                         net (fo=1, routed)           0.288     2.535    Segmed7print/Anodes_OBUF[2]_inst_i_8_n_0
    SLICE_X7Y27          LUT6 (Prop_lut6_I5_O)        0.124     2.659 r  Segmed7print/Anodes_OBUF[2]_inst_i_3/O
                         net (fo=3, routed)           0.605     3.264    Segmed7print/Count_reg[21]_0
    SLICE_X5Y27          LUT6 (Prop_lut6_I0_O)        0.124     3.388 r  Segmed7print/Anodes_OBUF[2]_inst_i_2/O
                         net (fo=4, routed)           0.818     4.206    Pico_Blazeee/Output/Buffer_digits/Cathodes_OBUF[6]_inst_i_7
    SLICE_X5Y26          LUT2 (Prop_lut2_I1_O)        0.124     4.330 f  Pico_Blazeee/Output/Buffer_digits/Cathodes_OBUF[6]_inst_i_3/O
                         net (fo=10, routed)          0.602     4.932    Pico_Blazeee/Output/Buffer_digits/Dont_print_reg_0
    SLICE_X4Y27          LUT4 (Prop_lut4_I0_O)        0.124     5.056 r  Pico_Blazeee/Output/Buffer_digits/Cathodes_OBUF[6]_inst_i_5/O
                         net (fo=7, routed)           1.053     6.109    Pico_Blazeee/Output/Buffer_digits/Cathodes_OBUF[6]_inst_i_5_n_0
    SLICE_X6Y21          LUT6 (Prop_lut6_I4_O)        0.124     6.233 r  Pico_Blazeee/Output/Buffer_digits/Cathodes_OBUF[3]_inst_i_1/O
                         net (fo=1, routed)           3.296     9.529    Cathodes_OBUF[3]
    V8                   OBUF (Prop_obuf_I_O)         3.536    13.064 r  Cathodes_OBUF[3]_inst/O
                         net (fo=0)                   0.000    13.064    Cathodes[3]
    V8                                                                r  Cathodes[3] (OUT)
  -------------------------------------------------------------------    -------------------

Slack:                    inf
  Source:                 Segmed7print/Count_reg[12]/C
                            (rising edge-triggered cell FDCE)
  Destination:            Cathodes[1]
                            (output port)
  Path Group:             (none)
  Path Type:              Max at Slow Process Corner
  Data Path Delay:        13.036ns  (logic 4.989ns (38.273%)  route 8.047ns (61.727%))
  Logic Levels:           9  (FDCE=1 LUT2=1 LUT4=2 LUT5=1 LUT6=3 OBUF=1)

    Location             Delay type                Incr(ns)  Path(ns)    Netlist Resource(s)
  -------------------------------------------------------------------    -------------------
    SLICE_X7Y27          FDCE                         0.000     0.000 r  Segmed7print/Count_reg[12]/C
    SLICE_X7Y27          FDCE (Prop_fdce_C_Q)         0.419     0.419 f  Segmed7print/Count_reg[12]/Q
                         net (fo=2, routed)           0.820     1.239    Segmed7print/p_0_in[18]
    SLICE_X7Y28          LUT4 (Prop_lut4_I1_O)        0.297     1.536 f  Segmed7print/Cathodes_OBUF[6]_inst_i_16/O
                         net (fo=2, routed)           0.587     2.123    Segmed7print/Cathodes_OBUF[6]_inst_i_16_n_0
    SLICE_X5Y27          LUT5 (Prop_lut5_I0_O)        0.124     2.247 f  Segmed7print/Anodes_OBUF[2]_inst_i_8/O
                         net (fo=1, routed)           0.288     2.535    Segmed7print/Anodes_OBUF[2]_inst_i_8_n_0
    SLICE_X7Y27          LUT6 (Prop_lut6_I5_O)        0.124     2.659 f  Segmed7print/Anodes_OBUF[2]_inst_i_3/O
                         net (fo=3, routed)           0.605     3.264    Segmed7print/Count_reg[21]_0
    SLICE_X5Y27          LUT6 (Prop_lut6_I0_O)        0.124     3.388 f  Segmed7print/Anodes_OBUF[2]_inst_i_2/O
                         net (fo=4, routed)           0.818     4.206    Pico_Blazeee/Output/Buffer_digits/Cathodes_OBUF[6]_inst_i_7
    SLICE_X5Y26          LUT2 (Prop_lut2_I1_O)        0.124     4.330 r  Pico_Blazeee/Output/Buffer_digits/Cathodes_OBUF[6]_inst_i_3/O
                         net (fo=10, routed)          0.602     4.932    Pico_Blazeee/Output/Buffer_digits/Dont_print_reg_0
    SLICE_X4Y27          LUT4 (Prop_lut4_I0_O)        0.124     5.056 f  Pico_Blazeee/Output/Buffer_digits/Cathodes_OBUF[6]_inst_i_5/O
                         net (fo=7, routed)           1.031     6.087    Pico_Blazeee/Output/Buffer_digits/Cathodes_OBUF[6]_inst_i_5_n_0
    SLICE_X6Y23          LUT6 (Prop_lut6_I3_O)        0.124     6.211 r  Pico_Blazeee/Output/Buffer_digits/Cathodes_OBUF[1]_inst_i_1/O
                         net (fo=1, routed)           3.296     9.507    Cathodes_OBUF[1]
    W6                   OBUF (Prop_obuf_I_O)         3.529    13.036 r  Cathodes_OBUF[1]_inst/O
                         net (fo=0)                   0.000    13.036    Cathodes[1]
    W6                                                                r  Cathodes[1] (OUT)
  -------------------------------------------------------------------    -------------------

Slack:                    inf
  Source:                 Segmed7print/Count_reg[12]/C
                            (rising edge-triggered cell FDCE)
  Destination:            Anodes[1]
                            (output port)
  Path Group:             (none)
  Path Type:              Max at Slow Process Corner
  Data Path Delay:        11.631ns  (logic 4.937ns (42.449%)  route 6.694ns (57.551%))
  Logic Levels:           7  (FDCE=1 LUT3=1 LUT4=1 LUT5=1 LUT6=2 OBUF=1)

    Location             Delay type                Incr(ns)  Path(ns)    Netlist Resource(s)
  -------------------------------------------------------------------    -------------------
    SLICE_X7Y27          FDCE                         0.000     0.000 r  Segmed7print/Count_reg[12]/C
    SLICE_X7Y27          FDCE (Prop_fdce_C_Q)         0.419     0.419 r  Segmed7print/Count_reg[12]/Q
                         net (fo=2, routed)           0.820     1.239    Segmed7print/p_0_in[18]
    SLICE_X7Y28          LUT4 (Prop_lut4_I1_O)        0.297     1.536 r  Segmed7print/Cathodes_OBUF[6]_inst_i_16/O
                         net (fo=2, routed)           0.587     2.123    Segmed7print/Cathodes_OBUF[6]_inst_i_16_n_0
    SLICE_X5Y27          LUT5 (Prop_lut5_I0_O)        0.124     2.247 r  Segmed7print/Anodes_OBUF[2]_inst_i_8/O
                         net (fo=1, routed)           0.288     2.535    Segmed7print/Anodes_OBUF[2]_inst_i_8_n_0
    SLICE_X7Y27          LUT6 (Prop_lut6_I5_O)        0.124     2.659 r  Segmed7print/Anodes_OBUF[2]_inst_i_3/O
                         net (fo=3, routed)           0.605     3.264    Segmed7print/Count_reg[21]_0
    SLICE_X5Y27          LUT6 (Prop_lut6_I0_O)        0.124     3.388 r  Segmed7print/Anodes_OBUF[2]_inst_i_2/O
                         net (fo=4, routed)           1.047     4.435    Segmed7print/Count_reg[24]_0
    SLICE_X8Y27          LUT3 (Prop_lut3_I0_O)        0.146     4.581 r  Segmed7print/Anodes_OBUF[1]_inst_i_1/O
                         net (fo=1, routed)           3.346     7.928    Anodes_OBUF[1]
    U4                   OBUF (Prop_obuf_I_O)         3.703    11.631 r  Anodes_OBUF[1]_inst/O
                         net (fo=0)                   0.000    11.631    Anodes[1]
    U4                                                                r  Anodes[1] (OUT)
  -------------------------------------------------------------------    -------------------

Slack:                    inf
  Source:                 Segmed7print/Count_reg[12]/C
                            (rising edge-triggered cell FDCE)
  Destination:            Anodes[2]
                            (output port)
  Path Group:             (none)
  Path Type:              Max at Slow Process Corner
  Data Path Delay:        11.519ns  (logic 4.965ns (43.101%)  route 6.554ns (56.899%))
  Logic Levels:           7  (FDCE=1 LUT3=1 LUT4=1 LUT5=1 LUT6=2 OBUF=1)

    Location             Delay type                Incr(ns)  Path(ns)    Netlist Resource(s)
  -------------------------------------------------------------------    -------------------
    SLICE_X7Y27          FDCE                         0.000     0.000 r  Segmed7print/Count_reg[12]/C
    SLICE_X7Y27          FDCE (Prop_fdce_C_Q)         0.419     0.419 r  Segmed7print/Count_reg[12]/Q
                         net (fo=2, routed)           0.820     1.239    Segmed7print/p_0_in[18]
    SLICE_X7Y28          LUT4 (Prop_lut4_I1_O)        0.297     1.536 r  Segmed7print/Cathodes_OBUF[6]_inst_i_16/O
                         net (fo=2, routed)           0.587     2.123    Segmed7print/Cathodes_OBUF[6]_inst_i_16_n_0
    SLICE_X5Y27          LUT5 (Prop_lut5_I0_O)        0.124     2.247 r  Segmed7print/Anodes_OBUF[2]_inst_i_8/O
                         net (fo=1, routed)           0.288     2.535    Segmed7print/Anodes_OBUF[2]_inst_i_8_n_0
    SLICE_X7Y27          LUT6 (Prop_lut6_I5_O)        0.124     2.659 r  Segmed7print/Anodes_OBUF[2]_inst_i_3/O
                         net (fo=3, routed)           0.605     3.264    Segmed7print/Count_reg[21]_0
    SLICE_X5Y27          LUT6 (Prop_lut6_I0_O)        0.124     3.388 r  Segmed7print/Anodes_OBUF[2]_inst_i_2/O
                         net (fo=4, routed)           0.811     4.199    Segmed7print/Count_reg[24]_0
    SLICE_X7Y27          LUT3 (Prop_lut3_I0_O)        0.152     4.351 r  Segmed7print/Anodes_OBUF[2]_inst_i_1/O
                         net (fo=1, routed)           3.443     7.794    Anodes_OBUF[2]
    V4                   OBUF (Prop_obuf_I_O)         3.725    11.519 r  Anodes_OBUF[2]_inst/O
                         net (fo=0)                   0.000    11.519    Anodes[2]
    V4                                                                r  Anodes[2] (OUT)
  -------------------------------------------------------------------    -------------------

Slack:                    inf
  Source:                 Segmed7print/Count_reg[12]/C
                            (rising edge-triggered cell FDCE)
  Destination:            Anodes[0]
                            (output port)
  Path Group:             (none)
  Path Type:              Max at Slow Process Corner
  Data Path Delay:        11.429ns  (logic 4.715ns (41.254%)  route 6.714ns (58.746%))
  Logic Levels:           7  (FDCE=1 LUT3=1 LUT4=1 LUT5=1 LUT6=2 OBUF=1)

    Location             Delay type                Incr(ns)  Path(ns)    Netlist Resource(s)
  -------------------------------------------------------------------    -------------------
    SLICE_X7Y27          FDCE                         0.000     0.000 r  Segmed7print/Count_reg[12]/C
    SLICE_X7Y27          FDCE (Prop_fdce_C_Q)         0.419     0.419 r  Segmed7print/Count_reg[12]/Q
                         net (fo=2, routed)           0.820     1.239    Segmed7print/p_0_in[18]
    SLICE_X7Y28          LUT4 (Prop_lut4_I1_O)        0.297     1.536 r  Segmed7print/Cathodes_OBUF[6]_inst_i_16/O
                         net (fo=2, routed)           0.587     2.123    Segmed7print/Cathodes_OBUF[6]_inst_i_16_n_0
    SLICE_X5Y27          LUT5 (Prop_lut5_I0_O)        0.124     2.247 r  Segmed7print/Anodes_OBUF[2]_inst_i_8/O
                         net (fo=1, routed)           0.288     2.535    Segmed7print/Anodes_OBUF[2]_inst_i_8_n_0
    SLICE_X7Y27          LUT6 (Prop_lut6_I5_O)        0.124     2.659 r  Segmed7print/Anodes_OBUF[2]_inst_i_3/O
                         net (fo=3, routed)           0.605     3.264    Segmed7print/Count_reg[21]_0
    SLICE_X5Y27          LUT6 (Prop_lut6_I0_O)        0.124     3.388 r  Segmed7print/Anodes_OBUF[2]_inst_i_2/O
                         net (fo=4, routed)           1.047     4.435    Segmed7print/Count_reg[24]_0
    SLICE_X8Y27          LUT3 (Prop_lut3_I1_O)        0.124     4.559 r  Segmed7print/Anodes_OBUF[0]_inst_i_1/O
                         net (fo=1, routed)           3.367     7.926    Anodes_OBUF[0]
    U2                   OBUF (Prop_obuf_I_O)         3.503    11.429 r  Anodes_OBUF[0]_inst/O
                         net (fo=0)                   0.000    11.429    Anodes[0]
    U2                                                                r  Anodes[0] (OUT)
  -------------------------------------------------------------------    -------------------





Min Delay Paths
--------------------------------------------------------------------------------------
Slack:                    inf
  Source:                 Pico_Blazeee/Procesor/PC/PC/Q_aux_reg[1]/C
                            (rising edge-triggered cell FDCE)
  Destination:            Pico_Blazeee/Procesor/PC/PC/Q_aux_reg[2]/D
  Path Group:             (none)
  Path Type:              Min at Fast Process Corner
  Data Path Delay:        0.319ns  (logic 0.186ns (58.278%)  route 0.133ns (41.722%))
  Logic Levels:           2  (FDCE=1 LUT6=1)

    Location             Delay type                Incr(ns)  Path(ns)    Netlist Resource(s)
  -------------------------------------------------------------------    -------------------
    SLICE_X0Y27          FDCE                         0.000     0.000 r  Pico_Blazeee/Procesor/PC/PC/Q_aux_reg[1]/C
    SLICE_X0Y27          FDCE (Prop_fdce_C_Q)         0.141     0.141 r  Pico_Blazeee/Procesor/PC/PC/Q_aux_reg[1]/Q
                         net (fo=29, routed)          0.133     0.274    Pico_Blazeee/Procesor/PC/PC/Q[1]
    SLICE_X1Y27          LUT6 (Prop_lut6_I4_O)        0.045     0.319 r  Pico_Blazeee/Procesor/PC/PC/Q_aux[2]_i_1/O
                         net (fo=1, routed)           0.000     0.319    Pico_Blazeee/Procesor/PC/PC/p_0_in[2]
    SLICE_X1Y27          FDCE                                         r  Pico_Blazeee/Procesor/PC/PC/Q_aux_reg[2]/D
  -------------------------------------------------------------------    -------------------

Slack:                    inf
  Source:                 Pico_Blazeee/Procesor/PC/PC/Q_aux_reg[3]/C
                            (rising edge-triggered cell FDCE)
  Destination:            Pico_Blazeee/Procesor/PC/PC/Q_aux_reg[4]/D
  Path Group:             (none)
  Path Type:              Min at Fast Process Corner
  Data Path Delay:        0.323ns  (logic 0.227ns (70.240%)  route 0.096ns (29.760%))
  Logic Levels:           2  (FDCE=1 LUT6=1)

    Location             Delay type                Incr(ns)  Path(ns)    Netlist Resource(s)
  -------------------------------------------------------------------    -------------------
    SLICE_X0Y24          FDCE                         0.000     0.000 r  Pico_Blazeee/Procesor/PC/PC/Q_aux_reg[3]/C
    SLICE_X0Y24          FDCE (Prop_fdce_C_Q)         0.128     0.128 r  Pico_Blazeee/Procesor/PC/PC/Q_aux_reg[3]/Q
                         net (fo=27, routed)          0.096     0.224    Pico_Blazeee/Procesor/PC/PC/Q[3]
    SLICE_X0Y24          LUT6 (Prop_lut6_I5_O)        0.099     0.323 r  Pico_Blazeee/Procesor/PC/PC/Q_aux[4]_i_1/O
                         net (fo=1, routed)           0.000     0.323    Pico_Blazeee/Procesor/PC/PC/p_0_in[4]
    SLICE_X0Y24          FDCE                                         r  Pico_Blazeee/Procesor/PC/PC/Q_aux_reg[4]/D
  -------------------------------------------------------------------    -------------------

Slack:                    inf
  Source:                 Pico_Blazeee/Procesor/Interuptor/Hold_all_reg/C
                            (rising edge-triggered cell FDCE)
  Destination:            Pico_Blazeee/Procesor/Interuptor/Hold_all_reg/D
  Path Group:             (none)
  Path Type:              Min at Fast Process Corner
  Data Path Delay:        0.368ns  (logic 0.183ns (49.750%)  route 0.185ns (50.250%))
  Logic Levels:           2  (FDCE=1 LUT5=1)

    Location             Delay type                Incr(ns)  Path(ns)    Netlist Resource(s)
  -------------------------------------------------------------------    -------------------
    SLICE_X3Y22          FDCE                         0.000     0.000 r  Pico_Blazeee/Procesor/Interuptor/Hold_all_reg/C
    SLICE_X3Y22          FDCE (Prop_fdce_C_Q)         0.141     0.141 r  Pico_Blazeee/Procesor/Interuptor/Hold_all_reg/Q
                         net (fo=11, routed)          0.185     0.326    Pico_Blazeee/Procesor/Interuptor/Hold_all_reg_0
    SLICE_X3Y22          LUT5 (Prop_lut5_I4_O)        0.042     0.368 r  Pico_Blazeee/Procesor/Interuptor/Hold_all_i_1/O
                         net (fo=1, routed)           0.000     0.368    Pico_Blazeee/Procesor/Interuptor/Hold_all_i_1_n_0
    SLICE_X3Y22          FDCE                                         r  Pico_Blazeee/Procesor/Interuptor/Hold_all_reg/D
  -------------------------------------------------------------------    -------------------

Slack:                    inf
  Source:                 Segmed7print/Count_reg[0]/C
                            (rising edge-triggered cell FDCE)
  Destination:            Segmed7print/Count_reg[0]/D
  Path Group:             (none)
  Path Type:              Min at Fast Process Corner
  Data Path Delay:        0.379ns  (logic 0.186ns (49.132%)  route 0.193ns (50.868%))
  Logic Levels:           2  (FDCE=1 LUT2=1)

    Location             Delay type                Incr(ns)  Path(ns)    Netlist Resource(s)
  -------------------------------------------------------------------    -------------------
    SLICE_X7Y27          FDCE                         0.000     0.000 r  Segmed7print/Count_reg[0]/C
    SLICE_X7Y27          FDCE (Prop_fdce_C_Q)         0.141     0.141 f  Segmed7print/Count_reg[0]/Q
                         net (fo=13, routed)          0.193     0.334    Segmed7print/Q[0]
    SLICE_X7Y27          LUT2 (Prop_lut2_I0_O)        0.045     0.379 r  Segmed7print/Count[0]_i_1__0/O
                         net (fo=1, routed)           0.000     0.379    Segmed7print/Count[0]_i_1__0_n_0
    SLICE_X7Y27          FDCE                                         r  Segmed7print/Count_reg[0]/D
  -------------------------------------------------------------------    -------------------

Slack:                    inf
  Source:                 Pico_Blazeee/Procesor/PC/PC/Q_aux_reg[0]/C
                            (rising edge-triggered cell FDCE)
  Destination:            Pico_Blazeee/Procesor/PC/PC/Q_aux_reg[0]/D
  Path Group:             (none)
  Path Type:              Min at Fast Process Corner
  Data Path Delay:        0.383ns  (logic 0.186ns (48.581%)  route 0.197ns (51.419%))
  Logic Levels:           2  (FDCE=1 LUT5=1)

    Location             Delay type                Incr(ns)  Path(ns)    Netlist Resource(s)
  -------------------------------------------------------------------    -------------------
    SLICE_X0Y23          FDCE                         0.000     0.000 r  Pico_Blazeee/Procesor/PC/PC/Q_aux_reg[0]/C
    SLICE_X0Y23          FDCE (Prop_fdce_C_Q)         0.141     0.141 r  Pico_Blazeee/Procesor/PC/PC/Q_aux_reg[0]/Q
                         net (fo=29, routed)          0.197     0.338    Pico_Blazeee/Procesor/PC/PC/Q[0]
    SLICE_X0Y23          LUT5 (Prop_lut5_I4_O)        0.045     0.383 r  Pico_Blazeee/Procesor/PC/PC/Q_aux[0]_i_1/O
                         net (fo=1, routed)           0.000     0.383    Pico_Blazeee/Procesor/PC/PC/p_0_in[0]
    SLICE_X0Y23          FDCE                                         r  Pico_Blazeee/Procesor/PC/PC/Q_aux_reg[0]/D
  -------------------------------------------------------------------    -------------------

Slack:                    inf
  Source:                 Pico_Blazeee/Procesor/Flag_register/Z_flag_reg/C
                            (rising edge-triggered cell FDCE)
  Destination:            Pico_Blazeee/Procesor/Flag_register/Z_flag_reg/D
  Path Group:             (none)
  Path Type:              Min at Fast Process Corner
  Data Path Delay:        0.384ns  (logic 0.209ns (54.384%)  route 0.175ns (45.616%))
  Logic Levels:           2  (FDCE=1 LUT6=1)

    Location             Delay type                Incr(ns)  Path(ns)    Netlist Resource(s)
  -------------------------------------------------------------------    -------------------
    SLICE_X2Y29          FDCE                         0.000     0.000 r  Pico_Blazeee/Procesor/Flag_register/Z_flag_reg/C
    SLICE_X2Y29          FDCE (Prop_fdce_C_Q)         0.164     0.164 r  Pico_Blazeee/Procesor/Flag_register/Z_flag_reg/Q
                         net (fo=2, routed)           0.175     0.339    Pico_Blazeee/Procesor/PC/PC/Zero_Flag
    SLICE_X2Y29          LUT6 (Prop_lut6_I5_O)        0.045     0.384 r  Pico_Blazeee/Procesor/PC/PC/Z_flag_i_1/O
                         net (fo=1, routed)           0.000     0.384    Pico_Blazeee/Procesor/Flag_register/Z_flag_reg_0
    SLICE_X2Y29          FDCE                                         r  Pico_Blazeee/Procesor/Flag_register/Z_flag_reg/D
  -------------------------------------------------------------------    -------------------

Slack:                    inf
  Source:                 Pico_Blazeee/Procesor/Flag_register/Interupt_triger_reg/C
                            (rising edge-triggered cell FDCE)
  Destination:            Pico_Blazeee/Procesor/Flag_register/Interupt_triger_reg/D
  Path Group:             (none)
  Path Type:              Min at Fast Process Corner
  Data Path Delay:        0.396ns  (logic 0.209ns (52.728%)  route 0.187ns (47.272%))
  Logic Levels:           2  (FDCE=1 LUT6=1)

    Location             Delay type                Incr(ns)  Path(ns)    Netlist Resource(s)
  -------------------------------------------------------------------    -------------------
    SLICE_X2Y23          FDCE                         0.000     0.000 r  Pico_Blazeee/Procesor/Flag_register/Interupt_triger_reg/C
    SLICE_X2Y23          FDCE (Prop_fdce_C_Q)         0.164     0.164 r  Pico_Blazeee/Procesor/Flag_register/Interupt_triger_reg/Q
                         net (fo=35, routed)          0.187     0.351    Pico_Blazeee/Procesor/PC/PC/Interupt_triger
    SLICE_X2Y23          LUT6 (Prop_lut6_I5_O)        0.045     0.396 r  Pico_Blazeee/Procesor/PC/PC/Interupt_triger_i_1/O
                         net (fo=1, routed)           0.000     0.396    Pico_Blazeee/Procesor/Flag_register/Interupt_triger_reg_0
    SLICE_X2Y23          FDCE                                         r  Pico_Blazeee/Procesor/Flag_register/Interupt_triger_reg/D
  -------------------------------------------------------------------    -------------------

Slack:                    inf
  Source:                 Pico_Blazeee/Procesor/Interuptor/runn_reg/C
                            (rising edge-triggered cell FDRE)
  Destination:            Pico_Blazeee/Procesor/Interuptor/runn_reg/D
  Path Group:             (none)
  Path Type:              Min at Fast Process Corner
  Data Path Delay:        0.396ns  (logic 0.209ns (52.720%)  route 0.187ns (47.280%))
  Logic Levels:           2  (FDRE=1 LUT5=1)

    Location             Delay type                Incr(ns)  Path(ns)    Netlist Resource(s)
  -------------------------------------------------------------------    -------------------
    SLICE_X6Y22          FDRE                         0.000     0.000 r  Pico_Blazeee/Procesor/Interuptor/runn_reg/C
    SLICE_X6Y22          FDRE (Prop_fdre_C_Q)         0.164     0.164 r  Pico_Blazeee/Procesor/Interuptor/runn_reg/Q
                         net (fo=3, routed)           0.187     0.351    Pico_Blazeee/Procesor/Interuptor/runn_reg_n_0
    SLICE_X6Y22          LUT5 (Prop_lut5_I0_O)        0.045     0.396 r  Pico_Blazeee/Procesor/Interuptor/runn_i_1/O
                         net (fo=1, routed)           0.000     0.396    Pico_Blazeee/Procesor/Interuptor/runn_i_1_n_0
    SLICE_X6Y22          FDRE                                         r  Pico_Blazeee/Procesor/Interuptor/runn_reg/D
  -------------------------------------------------------------------    -------------------

Slack:                    inf
  Source:                 Pico_Blazeee/Procesor/PC/PC/Q_aux_reg[1]/C
                            (rising edge-triggered cell FDCE)
  Destination:            Pico_Blazeee/Procesor/PC/PC/Q_aux_reg[1]/D
  Path Group:             (none)
  Path Type:              Min at Fast Process Corner
  Data Path Delay:        0.405ns  (logic 0.186ns (45.917%)  route 0.219ns (54.083%))
  Logic Levels:           2  (FDCE=1 LUT6=1)

    Location             Delay type                Incr(ns)  Path(ns)    Netlist Resource(s)
  -------------------------------------------------------------------    -------------------
    SLICE_X0Y27          FDCE                         0.000     0.000 r  Pico_Blazeee/Procesor/PC/PC/Q_aux_reg[1]/C
    SLICE_X0Y27          FDCE (Prop_fdce_C_Q)         0.141     0.141 r  Pico_Blazeee/Procesor/PC/PC/Q_aux_reg[1]/Q
                         net (fo=29, routed)          0.219     0.360    Pico_Blazeee/Procesor/PC/PC/Q[1]
    SLICE_X0Y27          LUT6 (Prop_lut6_I5_O)        0.045     0.405 r  Pico_Blazeee/Procesor/PC/PC/Q_aux[1]_i_1/O
                         net (fo=1, routed)           0.000     0.405    Pico_Blazeee/Procesor/PC/PC/p_0_in[1]
    SLICE_X0Y27          FDCE                                         r  Pico_Blazeee/Procesor/PC/PC/Q_aux_reg[1]/D
  -------------------------------------------------------------------    -------------------

Slack:                    inf
  Source:                 Pico_Blazeee/Procesor/PC/PC/Q_aux_reg[5]/C
                            (rising edge-triggered cell FDCE)
  Destination:            Pico_Blazeee/Procesor/PC/PC/Q_aux_reg[5]/D
  Path Group:             (none)
  Path Type:              Min at Fast Process Corner
  Data Path Delay:        0.428ns  (logic 0.186ns (43.410%)  route 0.242ns (56.590%))
  Logic Levels:           2  (FDCE=1 LUT4=1)

    Location             Delay type                Incr(ns)  Path(ns)    Netlist Resource(s)
  -------------------------------------------------------------------    -------------------
    SLICE_X0Y24          FDCE                         0.000     0.000 r  Pico_Blazeee/Procesor/PC/PC/Q_aux_reg[5]/C
    SLICE_X0Y24          FDCE (Prop_fdce_C_Q)         0.141     0.141 r  Pico_Blazeee/Procesor/PC/PC/Q_aux_reg[5]/Q
                         net (fo=5, routed)           0.242     0.383    Pico_Blazeee/Procesor/PC/PC/Q[5]
    SLICE_X0Y24          LUT4 (Prop_lut4_I2_O)        0.045     0.428 r  Pico_Blazeee/Procesor/PC/PC/Q_aux[5]_i_1/O
                         net (fo=1, routed)           0.000     0.428    Pico_Blazeee/Procesor/PC/PC/p_0_in[5]
    SLICE_X0Y24          FDCE                                         r  Pico_Blazeee/Procesor/PC/PC/Q_aux_reg[5]/D
  -------------------------------------------------------------------    -------------------





--------------------------------------------------------------------------------------
Path Group:  (none)
From Clock:  sys_clk_pin
  To Clock:  

Max Delay            71 Endpoints
Min Delay            71 Endpoints
--------------------------------------------------------------------------------------


Max Delay Paths
--------------------------------------------------------------------------------------
Slack:                    inf
  Source:                 Pico_Blazeee/Output/Buffer_digits/Dont_print_reg/C
                            (rising edge-triggered cell FDCE clocked by sys_clk_pin  {rise@0.000ns fall@5.000ns period=10.000ns})
  Destination:            Cathodes[6]
                            (output port)
  Path Group:             (none)
  Path Type:              Max at Slow Process Corner
  Data Path Delay:        11.751ns  (logic 4.545ns (38.682%)  route 7.205ns (61.318%))
  Logic Levels:           5  (LUT4=2 LUT6=2 OBUF=1)
  Clock Uncertainty:      0.025ns  ((TSJ^2 + TIJ^2)^1/2 + DJ) / 2 + PE
    Total System Jitter     (TSJ):    0.050ns
    Total Input Jitter      (TIJ):    0.000ns
    Discrete Jitter          (DJ):    0.000ns
    Phase Error              (PE):    0.000ns

    Location             Delay type                Incr(ns)  Path(ns)    Netlist Resource(s)
  -------------------------------------------------------------------    -------------------
                         (clock sys_clk_pin rise edge)
                                                      0.000     0.000 r  
    W5                                                0.000     0.000 r  CLK (IN)
                         net (fo=0)                   0.000     0.000    CLK
    W5                   IBUF (Prop_ibuf_I_O)         1.458     1.458 r  CLK_IBUF_inst/O
                         net (fo=1, routed)           1.967     3.425    CLK_IBUF
    BUFGCTRL_X0Y1        BUFG (Prop_bufg_I_O)         0.096     3.521 r  CLK_IBUF_BUFG_inst/O
                         net (fo=64, routed)          1.618     5.139    Pico_Blazeee/Output/Buffer_digits/CLK
    SLICE_X6Y27          FDCE                                         r  Pico_Blazeee/Output/Buffer_digits/Dont_print_reg/C
  -------------------------------------------------------------------    -------------------
    SLICE_X6Y27          FDCE (Prop_fdce_C_Q)         0.518     5.657 r  Pico_Blazeee/Output/Buffer_digits/Dont_print_reg/Q
                         net (fo=3, routed)           0.635     6.292    Segmed7print/Disable_anode_signal
    SLICE_X7Y26          LUT6 (Prop_lut6_I4_O)        0.124     6.416 f  Segmed7print/Cathodes_OBUF[6]_inst_i_8/O
                         net (fo=2, routed)           0.810     7.226    Segmed7print/Cathodes_OBUF[6]_inst_i_8_n_0
    SLICE_X5Y26          LUT4 (Prop_lut4_I1_O)        0.124     7.350 f  Segmed7print/Cathodes_OBUF[6]_inst_i_4/O
                         net (fo=8, routed)           0.807     8.157    Pico_Blazeee/Output/Buffer_digits/Cathodes[6]
    SLICE_X5Y25          LUT4 (Prop_lut4_I3_O)        0.124     8.281 r  Pico_Blazeee/Output/Buffer_digits/Cathodes_OBUF[6]_inst_i_6/O
                         net (fo=7, routed)           1.304     9.584    Pico_Blazeee/Output/Buffer_digits/Cathodes_OBUF[6]_inst_i_6_n_0
    SLICE_X6Y20          LUT6 (Prop_lut6_I4_O)        0.124     9.708 r  Pico_Blazeee/Output/Buffer_digits/Cathodes_OBUF[6]_inst_i_1/O
                         net (fo=1, routed)           3.650    13.359    Cathodes_OBUF[6]
    U7                   OBUF (Prop_obuf_I_O)         3.531    16.890 r  Cathodes_OBUF[6]_inst/O
                         net (fo=0)                   0.000    16.890    Cathodes[6]
    U7                                                                r  Cathodes[6] (OUT)
  -------------------------------------------------------------------    -------------------

Slack:                    inf
  Source:                 Pico_Blazeee/Output/Buffer_digits/Dont_print_reg/C
                            (rising edge-triggered cell FDCE clocked by sys_clk_pin  {rise@0.000ns fall@5.000ns period=10.000ns})
  Destination:            Cathodes[5]
                            (output port)
  Path Group:             (none)
  Path Type:              Max at Slow Process Corner
  Data Path Delay:        11.623ns  (logic 4.518ns (38.874%)  route 7.105ns (61.126%))
  Logic Levels:           5  (LUT4=2 LUT6=2 OBUF=1)
  Clock Uncertainty:      0.025ns  ((TSJ^2 + TIJ^2)^1/2 + DJ) / 2 + PE
    Total System Jitter     (TSJ):    0.050ns
    Total Input Jitter      (TIJ):    0.000ns
    Discrete Jitter          (DJ):    0.000ns
    Phase Error              (PE):    0.000ns

    Location             Delay type                Incr(ns)  Path(ns)    Netlist Resource(s)
  -------------------------------------------------------------------    -------------------
                         (clock sys_clk_pin rise edge)
                                                      0.000     0.000 r  
    W5                                                0.000     0.000 r  CLK (IN)
                         net (fo=0)                   0.000     0.000    CLK
    W5                   IBUF (Prop_ibuf_I_O)         1.458     1.458 r  CLK_IBUF_inst/O
                         net (fo=1, routed)           1.967     3.425    CLK_IBUF
    BUFGCTRL_X0Y1        BUFG (Prop_bufg_I_O)         0.096     3.521 r  CLK_IBUF_BUFG_inst/O
                         net (fo=64, routed)          1.618     5.139    Pico_Blazeee/Output/Buffer_digits/CLK
    SLICE_X6Y27          FDCE                                         r  Pico_Blazeee/Output/Buffer_digits/Dont_print_reg/C
  -------------------------------------------------------------------    -------------------
    SLICE_X6Y27          FDCE (Prop_fdce_C_Q)         0.518     5.657 r  Pico_Blazeee/Output/Buffer_digits/Dont_print_reg/Q
                         net (fo=3, routed)           0.635     6.292    Segmed7print/Disable_anode_signal
    SLICE_X7Y26          LUT6 (Prop_lut6_I4_O)        0.124     6.416 f  Segmed7print/Cathodes_OBUF[6]_inst_i_8/O
                         net (fo=2, routed)           0.810     7.226    Segmed7print/Cathodes_OBUF[6]_inst_i_8_n_0
    SLICE_X5Y26          LUT4 (Prop_lut4_I1_O)        0.124     7.350 f  Segmed7print/Cathodes_OBUF[6]_inst_i_4/O
                         net (fo=8, routed)           0.807     8.157    Pico_Blazeee/Output/Buffer_digits/Cathodes[6]
    SLICE_X5Y25          LUT4 (Prop_lut4_I3_O)        0.124     8.281 r  Pico_Blazeee/Output/Buffer_digits/Cathodes_OBUF[6]_inst_i_6/O
                         net (fo=7, routed)           1.369     9.649    Pico_Blazeee/Output/Buffer_digits/Cathodes_OBUF[6]_inst_i_6_n_0
    SLICE_X6Y20          LUT6 (Prop_lut6_I3_O)        0.124     9.773 r  Pico_Blazeee/Output/Buffer_digits/Cathodes_OBUF[5]_inst_i_1/O
                         net (fo=1, routed)           3.485    13.258    Cathodes_OBUF[5]
    V5                   OBUF (Prop_obuf_I_O)         3.504    16.762 r  Cathodes_OBUF[5]_inst/O
                         net (fo=0)                   0.000    16.762    Cathodes[5]
    V5                                                                r  Cathodes[5] (OUT)
  -------------------------------------------------------------------    -------------------

Slack:                    inf
  Source:                 Pico_Blazeee/Output/Buffer_digits/Dont_print_reg/C
                            (rising edge-triggered cell FDCE clocked by sys_clk_pin  {rise@0.000ns fall@5.000ns period=10.000ns})
  Destination:            Cathodes[4]
                            (output port)
  Path Group:             (none)
  Path Type:              Max at Slow Process Corner
  Data Path Delay:        11.536ns  (logic 4.534ns (39.303%)  route 7.002ns (60.697%))
  Logic Levels:           5  (LUT4=2 LUT6=2 OBUF=1)
  Clock Uncertainty:      0.025ns  ((TSJ^2 + TIJ^2)^1/2 + DJ) / 2 + PE
    Total System Jitter     (TSJ):    0.050ns
    Total Input Jitter      (TIJ):    0.000ns
    Discrete Jitter          (DJ):    0.000ns
    Phase Error              (PE):    0.000ns

    Location             Delay type                Incr(ns)  Path(ns)    Netlist Resource(s)
  -------------------------------------------------------------------    -------------------
                         (clock sys_clk_pin rise edge)
                                                      0.000     0.000 r  
    W5                                                0.000     0.000 r  CLK (IN)
                         net (fo=0)                   0.000     0.000    CLK
    W5                   IBUF (Prop_ibuf_I_O)         1.458     1.458 r  CLK_IBUF_inst/O
                         net (fo=1, routed)           1.967     3.425    CLK_IBUF
    BUFGCTRL_X0Y1        BUFG (Prop_bufg_I_O)         0.096     3.521 r  CLK_IBUF_BUFG_inst/O
                         net (fo=64, routed)          1.618     5.139    Pico_Blazeee/Output/Buffer_digits/CLK
    SLICE_X6Y27          FDCE                                         r  Pico_Blazeee/Output/Buffer_digits/Dont_print_reg/C
  -------------------------------------------------------------------    -------------------
    SLICE_X6Y27          FDCE (Prop_fdce_C_Q)         0.518     5.657 f  Pico_Blazeee/Output/Buffer_digits/Dont_print_reg/Q
                         net (fo=3, routed)           0.635     6.292    Segmed7print/Disable_anode_signal
    SLICE_X7Y26          LUT6 (Prop_lut6_I4_O)        0.124     6.416 r  Segmed7print/Cathodes_OBUF[6]_inst_i_8/O
                         net (fo=2, routed)           0.810     7.226    Segmed7print/Cathodes_OBUF[6]_inst_i_8_n_0
    SLICE_X5Y26          LUT4 (Prop_lut4_I1_O)        0.124     7.350 r  Segmed7print/Cathodes_OBUF[6]_inst_i_4/O
                         net (fo=8, routed)           0.807     8.157    Pico_Blazeee/Output/Buffer_digits/Cathodes[6]
    SLICE_X5Y25          LUT4 (Prop_lut4_I3_O)        0.124     8.281 f  Pico_Blazeee/Output/Buffer_digits/Cathodes_OBUF[6]_inst_i_6/O
                         net (fo=7, routed)           1.302     9.582    Pico_Blazeee/Output/Buffer_digits/Cathodes_OBUF[6]_inst_i_6_n_0
    SLICE_X6Y20          LUT6 (Prop_lut6_I3_O)        0.124     9.706 r  Pico_Blazeee/Output/Buffer_digits/Cathodes_OBUF[4]_inst_i_1/O
                         net (fo=1, routed)           3.449    13.155    Cathodes_OBUF[4]
    U5                   OBUF (Prop_obuf_I_O)         3.520    16.675 r  Cathodes_OBUF[4]_inst/O
                         net (fo=0)                   0.000    16.675    Cathodes[4]
    U5                                                                r  Cathodes[4] (OUT)
  -------------------------------------------------------------------    -------------------

Slack:                    inf
  Source:                 Pico_Blazeee/Output/Buffer_digits/Dont_print_reg/C
                            (rising edge-triggered cell FDCE clocked by sys_clk_pin  {rise@0.000ns fall@5.000ns period=10.000ns})
  Destination:            Cathodes[2]
                            (output port)
  Path Group:             (none)
  Path Type:              Max at Slow Process Corner
  Data Path Delay:        11.187ns  (logic 4.549ns (40.665%)  route 6.638ns (59.335%))
  Logic Levels:           5  (LUT4=2 LUT6=2 OBUF=1)
  Clock Uncertainty:      0.025ns  ((TSJ^2 + TIJ^2)^1/2 + DJ) / 2 + PE
    Total System Jitter     (TSJ):    0.050ns
    Total Input Jitter      (TIJ):    0.000ns
    Discrete Jitter          (DJ):    0.000ns
    Phase Error              (PE):    0.000ns

    Location             Delay type                Incr(ns)  Path(ns)    Netlist Resource(s)
  -------------------------------------------------------------------    -------------------
                         (clock sys_clk_pin rise edge)
                                                      0.000     0.000 r  
    W5                                                0.000     0.000 r  CLK (IN)
                         net (fo=0)                   0.000     0.000    CLK
    W5                   IBUF (Prop_ibuf_I_O)         1.458     1.458 r  CLK_IBUF_inst/O
                         net (fo=1, routed)           1.967     3.425    CLK_IBUF
    BUFGCTRL_X0Y1        BUFG (Prop_bufg_I_O)         0.096     3.521 r  CLK_IBUF_BUFG_inst/O
                         net (fo=64, routed)          1.618     5.139    Pico_Blazeee/Output/Buffer_digits/CLK
    SLICE_X6Y27          FDCE                                         r  Pico_Blazeee/Output/Buffer_digits/Dont_print_reg/C
  -------------------------------------------------------------------    -------------------
    SLICE_X6Y27          FDCE (Prop_fdce_C_Q)         0.518     5.657 r  Pico_Blazeee/Output/Buffer_digits/Dont_print_reg/Q
                         net (fo=3, routed)           0.635     6.292    Segmed7print/Disable_anode_signal
    SLICE_X7Y26          LUT6 (Prop_lut6_I4_O)        0.124     6.416 f  Segmed7print/Cathodes_OBUF[6]_inst_i_8/O
                         net (fo=2, routed)           0.810     7.226    Segmed7print/Cathodes_OBUF[6]_inst_i_8_n_0
    SLICE_X5Y26          LUT4 (Prop_lut4_I1_O)        0.124     7.350 f  Segmed7print/Cathodes_OBUF[6]_inst_i_4/O
                         net (fo=8, routed)           0.807     8.157    Pico_Blazeee/Output/Buffer_digits/Cathodes[6]
    SLICE_X5Y25          LUT4 (Prop_lut4_I3_O)        0.124     8.281 r  Pico_Blazeee/Output/Buffer_digits/Cathodes_OBUF[6]_inst_i_6/O
                         net (fo=7, routed)           0.943     9.223    Pico_Blazeee/Output/Buffer_digits/Cathodes_OBUF[6]_inst_i_6_n_0
    SLICE_X6Y21          LUT6 (Prop_lut6_I3_O)        0.124     9.347 r  Pico_Blazeee/Output/Buffer_digits/Cathodes_OBUF[2]_inst_i_1/O
                         net (fo=1, routed)           3.444    12.791    Cathodes_OBUF[2]
    U8                   OBUF (Prop_obuf_I_O)         3.535    16.326 r  Cathodes_OBUF[2]_inst/O
                         net (fo=0)                   0.000    16.326    Cathodes[2]
    U8                                                                r  Cathodes[2] (OUT)
  -------------------------------------------------------------------    -------------------

Slack:                    inf
  Source:                 Pico_Blazeee/Output/Buffer_digits/Dont_print_reg/C
                            (rising edge-triggered cell FDCE clocked by sys_clk_pin  {rise@0.000ns fall@5.000ns period=10.000ns})
  Destination:            Cathodes[3]
                            (output port)
  Path Group:             (none)
  Path Type:              Max at Slow Process Corner
  Data Path Delay:        11.036ns  (logic 4.550ns (41.224%)  route 6.487ns (58.776%))
  Logic Levels:           5  (LUT4=2 LUT6=2 OBUF=1)
  Clock Uncertainty:      0.025ns  ((TSJ^2 + TIJ^2)^1/2 + DJ) / 2 + PE
    Total System Jitter     (TSJ):    0.050ns
    Total Input Jitter      (TIJ):    0.000ns
    Discrete Jitter          (DJ):    0.000ns
    Phase Error              (PE):    0.000ns

    Location             Delay type                Incr(ns)  Path(ns)    Netlist Resource(s)
  -------------------------------------------------------------------    -------------------
                         (clock sys_clk_pin rise edge)
                                                      0.000     0.000 r  
    W5                                                0.000     0.000 r  CLK (IN)
                         net (fo=0)                   0.000     0.000    CLK
    W5                   IBUF (Prop_ibuf_I_O)         1.458     1.458 r  CLK_IBUF_inst/O
                         net (fo=1, routed)           1.967     3.425    CLK_IBUF
    BUFGCTRL_X0Y1        BUFG (Prop_bufg_I_O)         0.096     3.521 r  CLK_IBUF_BUFG_inst/O
                         net (fo=64, routed)          1.618     5.139    Pico_Blazeee/Output/Buffer_digits/CLK
    SLICE_X6Y27          FDCE                                         r  Pico_Blazeee/Output/Buffer_digits/Dont_print_reg/C
  -------------------------------------------------------------------    -------------------
    SLICE_X6Y27          FDCE (Prop_fdce_C_Q)         0.518     5.657 r  Pico_Blazeee/Output/Buffer_digits/Dont_print_reg/Q
                         net (fo=3, routed)           0.635     6.292    Segmed7print/Disable_anode_signal
    SLICE_X7Y26          LUT6 (Prop_lut6_I4_O)        0.124     6.416 f  Segmed7print/Cathodes_OBUF[6]_inst_i_8/O
                         net (fo=2, routed)           0.810     7.226    Segmed7print/Cathodes_OBUF[6]_inst_i_8_n_0
    SLICE_X5Y26          LUT4 (Prop_lut4_I1_O)        0.124     7.350 f  Segmed7print/Cathodes_OBUF[6]_inst_i_4/O
                         net (fo=8, routed)           0.807     8.157    Pico_Blazeee/Output/Buffer_digits/Cathodes[6]
    SLICE_X5Y25          LUT4 (Prop_lut4_I3_O)        0.124     8.281 r  Pico_Blazeee/Output/Buffer_digits/Cathodes_OBUF[6]_inst_i_6/O
                         net (fo=7, routed)           0.940     9.220    Pico_Blazeee/Output/Buffer_digits/Cathodes_OBUF[6]_inst_i_6_n_0
    SLICE_X6Y21          LUT6 (Prop_lut6_I3_O)        0.124     9.344 r  Pico_Blazeee/Output/Buffer_digits/Cathodes_OBUF[3]_inst_i_1/O
                         net (fo=1, routed)           3.296    12.640    Cathodes_OBUF[3]
    V8                   OBUF (Prop_obuf_I_O)         3.536    16.176 r  Cathodes_OBUF[3]_inst/O
                         net (fo=0)                   0.000    16.176    Cathodes[3]
    V8                                                                r  Cathodes[3] (OUT)
  -------------------------------------------------------------------    -------------------

Slack:                    inf
  Source:                 Pico_Blazeee/Output/Buffer_digits/Dont_print_reg/C
                            (rising edge-triggered cell FDCE clocked by sys_clk_pin  {rise@0.000ns fall@5.000ns period=10.000ns})
  Destination:            Cathodes[0]
                            (output port)
  Path Group:             (none)
  Path Type:              Max at Slow Process Corner
  Data Path Delay:        10.713ns  (logic 4.525ns (42.236%)  route 6.188ns (57.764%))
  Logic Levels:           5  (LUT4=2 LUT6=2 OBUF=1)
  Clock Uncertainty:      0.025ns  ((TSJ^2 + TIJ^2)^1/2 + DJ) / 2 + PE
    Total System Jitter     (TSJ):    0.050ns
    Total Input Jitter      (TIJ):    0.000ns
    Discrete Jitter          (DJ):    0.000ns
    Phase Error              (PE):    0.000ns

    Location             Delay type                Incr(ns)  Path(ns)    Netlist Resource(s)
  -------------------------------------------------------------------    -------------------
                         (clock sys_clk_pin rise edge)
                                                      0.000     0.000 r  
    W5                                                0.000     0.000 r  CLK (IN)
                         net (fo=0)                   0.000     0.000    CLK
    W5                   IBUF (Prop_ibuf_I_O)         1.458     1.458 r  CLK_IBUF_inst/O
                         net (fo=1, routed)           1.967     3.425    CLK_IBUF
    BUFGCTRL_X0Y1        BUFG (Prop_bufg_I_O)         0.096     3.521 r  CLK_IBUF_BUFG_inst/O
                         net (fo=64, routed)          1.618     5.139    Pico_Blazeee/Output/Buffer_digits/CLK
    SLICE_X6Y27          FDCE                                         r  Pico_Blazeee/Output/Buffer_digits/Dont_print_reg/C
  -------------------------------------------------------------------    -------------------
    SLICE_X6Y27          FDCE (Prop_fdce_C_Q)         0.518     5.657 r  Pico_Blazeee/Output/Buffer_digits/Dont_print_reg/Q
                         net (fo=3, routed)           0.635     6.292    Segmed7print/Disable_anode_signal
    SLICE_X7Y26          LUT6 (Prop_lut6_I4_O)        0.124     6.416 f  Segmed7print/Cathodes_OBUF[6]_inst_i_8/O
                         net (fo=2, routed)           0.810     7.226    Segmed7print/Cathodes_OBUF[6]_inst_i_8_n_0
    SLICE_X5Y26          LUT4 (Prop_lut4_I1_O)        0.124     7.350 f  Segmed7print/Cathodes_OBUF[6]_inst_i_4/O
                         net (fo=8, routed)           0.807     8.157    Pico_Blazeee/Output/Buffer_digits/Cathodes[6]
    SLICE_X5Y25          LUT4 (Prop_lut4_I3_O)        0.124     8.281 r  Pico_Blazeee/Output/Buffer_digits/Cathodes_OBUF[6]_inst_i_6/O
                         net (fo=7, routed)           0.493     8.774    Pico_Blazeee/Output/Buffer_digits/Cathodes_OBUF[6]_inst_i_6_n_0
    SLICE_X6Y23          LUT6 (Prop_lut6_I5_O)        0.124     8.898 r  Pico_Blazeee/Output/Buffer_digits/Cathodes_OBUF[0]_inst_i_1/O
                         net (fo=1, routed)           3.444    12.342    Cathodes_OBUF[0]
    W7                   OBUF (Prop_obuf_I_O)         3.511    15.852 r  Cathodes_OBUF[0]_inst/O
                         net (fo=0)                   0.000    15.852    Cathodes[0]
    W7                                                                r  Cathodes[0] (OUT)
  -------------------------------------------------------------------    -------------------

Slack:                    inf
  Source:                 Pico_Blazeee/Output/Buffer_digits/Dont_print_reg/C
                            (rising edge-triggered cell FDCE clocked by sys_clk_pin  {rise@0.000ns fall@5.000ns period=10.000ns})
  Destination:            Cathodes[1]
                            (output port)
  Path Group:             (none)
  Path Type:              Max at Slow Process Corner
  Data Path Delay:        10.580ns  (logic 4.543ns (42.940%)  route 6.037ns (57.060%))
  Logic Levels:           5  (LUT4=2 LUT6=2 OBUF=1)
  Clock Uncertainty:      0.025ns  ((TSJ^2 + TIJ^2)^1/2 + DJ) / 2 + PE
    Total System Jitter     (TSJ):    0.050ns
    Total Input Jitter      (TIJ):    0.000ns
    Discrete Jitter          (DJ):    0.000ns
    Phase Error              (PE):    0.000ns

    Location             Delay type                Incr(ns)  Path(ns)    Netlist Resource(s)
  -------------------------------------------------------------------    -------------------
                         (clock sys_clk_pin rise edge)
                                                      0.000     0.000 r  
    W5                                                0.000     0.000 r  CLK (IN)
                         net (fo=0)                   0.000     0.000    CLK
    W5                   IBUF (Prop_ibuf_I_O)         1.458     1.458 r  CLK_IBUF_inst/O
                         net (fo=1, routed)           1.967     3.425    CLK_IBUF
    BUFGCTRL_X0Y1        BUFG (Prop_bufg_I_O)         0.096     3.521 r  CLK_IBUF_BUFG_inst/O
                         net (fo=64, routed)          1.618     5.139    Pico_Blazeee/Output/Buffer_digits/CLK
    SLICE_X6Y27          FDCE                                         r  Pico_Blazeee/Output/Buffer_digits/Dont_print_reg/C
  -------------------------------------------------------------------    -------------------
    SLICE_X6Y27          FDCE (Prop_fdce_C_Q)         0.518     5.657 r  Pico_Blazeee/Output/Buffer_digits/Dont_print_reg/Q
                         net (fo=3, routed)           0.635     6.292    Segmed7print/Disable_anode_signal
    SLICE_X7Y26          LUT6 (Prop_lut6_I4_O)        0.124     6.416 f  Segmed7print/Cathodes_OBUF[6]_inst_i_8/O
                         net (fo=2, routed)           0.810     7.226    Segmed7print/Cathodes_OBUF[6]_inst_i_8_n_0
    SLICE_X5Y26          LUT4 (Prop_lut4_I1_O)        0.124     7.350 f  Segmed7print/Cathodes_OBUF[6]_inst_i_4/O
                         net (fo=8, routed)           0.807     8.157    Pico_Blazeee/Output/Buffer_digits/Cathodes[6]
    SLICE_X5Y25          LUT4 (Prop_lut4_I3_O)        0.124     8.281 r  Pico_Blazeee/Output/Buffer_digits/Cathodes_OBUF[6]_inst_i_6/O
                         net (fo=7, routed)           0.490     8.771    Pico_Blazeee/Output/Buffer_digits/Cathodes_OBUF[6]_inst_i_6_n_0
    SLICE_X6Y23          LUT6 (Prop_lut6_I5_O)        0.124     8.895 r  Pico_Blazeee/Output/Buffer_digits/Cathodes_OBUF[1]_inst_i_1/O
                         net (fo=1, routed)           3.296    12.190    Cathodes_OBUF[1]
    W6                   OBUF (Prop_obuf_I_O)         3.529    15.720 r  Cathodes_OBUF[1]_inst/O
                         net (fo=0)                   0.000    15.720    Cathodes[1]
    W6                                                                r  Cathodes[1] (OUT)
  -------------------------------------------------------------------    -------------------

Slack:                    inf
  Source:                 Pico_Blazeee/Procesor/Interuptor/Int_latch_reg/C
                            (rising edge-triggered cell FDCE clocked by sys_clk_pin  {rise@0.000ns fall@5.000ns period=10.000ns})
  Destination:            Pico_Blazeee/Procesor/Interuptor/Count_reg[1]/CE
  Path Group:             (none)
  Path Type:              Max at Slow Process Corner
  Data Path Delay:        3.203ns  (logic 0.580ns (18.105%)  route 2.623ns (81.895%))
  Logic Levels:           1  (LUT3=1)
  Clock Uncertainty:      0.025ns  ((TSJ^2 + TIJ^2)^1/2 + DJ) / 2 + PE
    Total System Jitter     (TSJ):    0.050ns
    Total Input Jitter      (TIJ):    0.000ns
    Discrete Jitter          (DJ):    0.000ns
    Phase Error              (PE):    0.000ns

    Location             Delay type                Incr(ns)  Path(ns)    Netlist Resource(s)
  -------------------------------------------------------------------    -------------------
                         (clock sys_clk_pin rise edge)
                                                      0.000     0.000 r  
    W5                                                0.000     0.000 r  CLK (IN)
                         net (fo=0)                   0.000     0.000    CLK
    W5                   IBUF (Prop_ibuf_I_O)         1.458     1.458 r  CLK_IBUF_inst/O
                         net (fo=1, routed)           1.967     3.425    CLK_IBUF
    BUFGCTRL_X0Y1        BUFG (Prop_bufg_I_O)         0.096     3.521 r  CLK_IBUF_BUFG_inst/O
                         net (fo=64, routed)          1.627     5.148    Pico_Blazeee/Procesor/Interuptor/CLK
    SLICE_X0Y18          FDCE                                         r  Pico_Blazeee/Procesor/Interuptor/Int_latch_reg/C
  -------------------------------------------------------------------    -------------------
    SLICE_X0Y18          FDCE (Prop_fdce_C_Q)         0.456     5.604 r  Pico_Blazeee/Procesor/Interuptor/Int_latch_reg/Q
                         net (fo=34, routed)          1.528     7.132    Pico_Blazeee/Procesor/Interuptor/Int_latch
    SLICE_X5Y22          LUT3 (Prop_lut3_I1_O)        0.124     7.256 r  Pico_Blazeee/Procesor/Interuptor/Count[30]_i_1/O
                         net (fo=31, routed)          1.096     8.352    Pico_Blazeee/Procesor/Interuptor/Count[30]_i_1_n_0
    SLICE_X5Y17          FDCE                                         r  Pico_Blazeee/Procesor/Interuptor/Count_reg[1]/CE
  -------------------------------------------------------------------    -------------------

Slack:                    inf
  Source:                 Pico_Blazeee/Procesor/Interuptor/Int_latch_reg/C
                            (rising edge-triggered cell FDCE clocked by sys_clk_pin  {rise@0.000ns fall@5.000ns period=10.000ns})
  Destination:            Pico_Blazeee/Procesor/Interuptor/Count_reg[2]/CE
  Path Group:             (none)
  Path Type:              Max at Slow Process Corner
  Data Path Delay:        3.203ns  (logic 0.580ns (18.105%)  route 2.623ns (81.895%))
  Logic Levels:           1  (LUT3=1)
  Clock Uncertainty:      0.025ns  ((TSJ^2 + TIJ^2)^1/2 + DJ) / 2 + PE
    Total System Jitter     (TSJ):    0.050ns
    Total Input Jitter      (TIJ):    0.000ns
    Discrete Jitter          (DJ):    0.000ns
    Phase Error              (PE):    0.000ns

    Location             Delay type                Incr(ns)  Path(ns)    Netlist Resource(s)
  -------------------------------------------------------------------    -------------------
                         (clock sys_clk_pin rise edge)
                                                      0.000     0.000 r  
    W5                                                0.000     0.000 r  CLK (IN)
                         net (fo=0)                   0.000     0.000    CLK
    W5                   IBUF (Prop_ibuf_I_O)         1.458     1.458 r  CLK_IBUF_inst/O
                         net (fo=1, routed)           1.967     3.425    CLK_IBUF
    BUFGCTRL_X0Y1        BUFG (Prop_bufg_I_O)         0.096     3.521 r  CLK_IBUF_BUFG_inst/O
                         net (fo=64, routed)          1.627     5.148    Pico_Blazeee/Procesor/Interuptor/CLK
    SLICE_X0Y18          FDCE                                         r  Pico_Blazeee/Procesor/Interuptor/Int_latch_reg/C
  -------------------------------------------------------------------    -------------------
    SLICE_X0Y18          FDCE (Prop_fdce_C_Q)         0.456     5.604 r  Pico_Blazeee/Procesor/Interuptor/Int_latch_reg/Q
                         net (fo=34, routed)          1.528     7.132    Pico_Blazeee/Procesor/Interuptor/Int_latch
    SLICE_X5Y22          LUT3 (Prop_lut3_I1_O)        0.124     7.256 r  Pico_Blazeee/Procesor/Interuptor/Count[30]_i_1/O
                         net (fo=31, routed)          1.096     8.352    Pico_Blazeee/Procesor/Interuptor/Count[30]_i_1_n_0
    SLICE_X5Y17          FDCE                                         r  Pico_Blazeee/Procesor/Interuptor/Count_reg[2]/CE
  -------------------------------------------------------------------    -------------------

Slack:                    inf
  Source:                 Pico_Blazeee/Procesor/Interuptor/Int_latch_reg/C
                            (rising edge-triggered cell FDCE clocked by sys_clk_pin  {rise@0.000ns fall@5.000ns period=10.000ns})
  Destination:            Pico_Blazeee/Procesor/Interuptor/Count_reg[3]/CE
  Path Group:             (none)
  Path Type:              Max at Slow Process Corner
  Data Path Delay:        3.203ns  (logic 0.580ns (18.105%)  route 2.623ns (81.895%))
  Logic Levels:           1  (LUT3=1)
  Clock Uncertainty:      0.025ns  ((TSJ^2 + TIJ^2)^1/2 + DJ) / 2 + PE
    Total System Jitter     (TSJ):    0.050ns
    Total Input Jitter      (TIJ):    0.000ns
    Discrete Jitter          (DJ):    0.000ns
    Phase Error              (PE):    0.000ns

    Location             Delay type                Incr(ns)  Path(ns)    Netlist Resource(s)
  -------------------------------------------------------------------    -------------------
                         (clock sys_clk_pin rise edge)
                                                      0.000     0.000 r  
    W5                                                0.000     0.000 r  CLK (IN)
                         net (fo=0)                   0.000     0.000    CLK
    W5                   IBUF (Prop_ibuf_I_O)         1.458     1.458 r  CLK_IBUF_inst/O
                         net (fo=1, routed)           1.967     3.425    CLK_IBUF
    BUFGCTRL_X0Y1        BUFG (Prop_bufg_I_O)         0.096     3.521 r  CLK_IBUF_BUFG_inst/O
                         net (fo=64, routed)          1.627     5.148    Pico_Blazeee/Procesor/Interuptor/CLK
    SLICE_X0Y18          FDCE                                         r  Pico_Blazeee/Procesor/Interuptor/Int_latch_reg/C
  -------------------------------------------------------------------    -------------------
    SLICE_X0Y18          FDCE (Prop_fdce_C_Q)         0.456     5.604 r  Pico_Blazeee/Procesor/Interuptor/Int_latch_reg/Q
                         net (fo=34, routed)          1.528     7.132    Pico_Blazeee/Procesor/Interuptor/Int_latch
    SLICE_X5Y22          LUT3 (Prop_lut3_I1_O)        0.124     7.256 r  Pico_Blazeee/Procesor/Interuptor/Count[30]_i_1/O
                         net (fo=31, routed)          1.096     8.352    Pico_Blazeee/Procesor/Interuptor/Count[30]_i_1_n_0
    SLICE_X5Y17          FDCE                                         r  Pico_Blazeee/Procesor/Interuptor/Count_reg[3]/CE
  -------------------------------------------------------------------    -------------------





Min Delay Paths
--------------------------------------------------------------------------------------
Slack:                    inf
  Source:                 Pico_Blazeee/Procesor/Interuptor/Int_latch_reg/C
                            (rising edge-triggered cell FDCE clocked by sys_clk_pin  {rise@0.000ns fall@5.000ns period=10.000ns})
  Destination:            Pico_Blazeee/Procesor/Interuptor/Count_reg[7]/D
  Path Group:             (none)
  Path Type:              Min at Fast Process Corner
  Data Path Delay:        0.362ns  (logic 0.186ns (51.332%)  route 0.176ns (48.668%))
  Logic Levels:           1  (LUT4=1)
  Clock Uncertainty:      0.025ns  ((TSJ^2 + TIJ^2)^1/2 + DJ) / 2 + PE
    Total System Jitter     (TSJ):    0.050ns
    Total Input Jitter      (TIJ):    0.000ns
    Discrete Jitter          (DJ):    0.000ns
    Phase Error              (PE):    0.000ns

    Location             Delay type                Incr(ns)  Path(ns)    Netlist Resource(s)
  -------------------------------------------------------------------    -------------------
                         (clock sys_clk_pin rise edge)
                                                      0.000     0.000 r  
    W5                                                0.000     0.000 r  CLK (IN)
                         net (fo=0)                   0.000     0.000    CLK
    W5                   IBUF (Prop_ibuf_I_O)         0.226     0.226 r  CLK_IBUF_inst/O
                         net (fo=1, routed)           0.631     0.858    CLK_IBUF
    BUFGCTRL_X0Y1        BUFG (Prop_bufg_I_O)         0.026     0.884 r  CLK_IBUF_BUFG_inst/O
                         net (fo=64, routed)          0.588     1.471    Pico_Blazeee/Procesor/Interuptor/CLK
    SLICE_X0Y18          FDCE                                         r  Pico_Blazeee/Procesor/Interuptor/Int_latch_reg/C
  -------------------------------------------------------------------    -------------------
    SLICE_X0Y18          FDCE (Prop_fdce_C_Q)         0.141     1.612 f  Pico_Blazeee/Procesor/Interuptor/Int_latch_reg/Q
                         net (fo=34, routed)          0.176     1.788    Pico_Blazeee/Procesor/Interuptor/Int_latch
    SLICE_X5Y18          LUT4 (Prop_lut4_I0_O)        0.045     1.833 r  Pico_Blazeee/Procesor/Interuptor/Count[7]_i_1__0/O
                         net (fo=1, routed)           0.000     1.833    Pico_Blazeee/Procesor/Interuptor/p_1_in[7]
    SLICE_X5Y18          FDCE                                         r  Pico_Blazeee/Procesor/Interuptor/Count_reg[7]/D
  -------------------------------------------------------------------    -------------------

Slack:                    inf
  Source:                 Pico_Blazeee/Procesor/Interuptor/Int_latch_reg/C
                            (rising edge-triggered cell FDCE clocked by sys_clk_pin  {rise@0.000ns fall@5.000ns period=10.000ns})
  Destination:            Pico_Blazeee/Procesor/Interuptor/Count_reg[8]/D
  Path Group:             (none)
  Path Type:              Min at Fast Process Corner
  Data Path Delay:        0.366ns  (logic 0.190ns (51.863%)  route 0.176ns (48.137%))
  Logic Levels:           1  (LUT4=1)
  Clock Uncertainty:      0.025ns  ((TSJ^2 + TIJ^2)^1/2 + DJ) / 2 + PE
    Total System Jitter     (TSJ):    0.050ns
    Total Input Jitter      (TIJ):    0.000ns
    Discrete Jitter          (DJ):    0.000ns
    Phase Error              (PE):    0.000ns

    Location             Delay type                Incr(ns)  Path(ns)    Netlist Resource(s)
  -------------------------------------------------------------------    -------------------
                         (clock sys_clk_pin rise edge)
                                                      0.000     0.000 r  
    W5                                                0.000     0.000 r  CLK (IN)
                         net (fo=0)                   0.000     0.000    CLK
    W5                   IBUF (Prop_ibuf_I_O)         0.226     0.226 r  CLK_IBUF_inst/O
                         net (fo=1, routed)           0.631     0.858    CLK_IBUF
    BUFGCTRL_X0Y1        BUFG (Prop_bufg_I_O)         0.026     0.884 r  CLK_IBUF_BUFG_inst/O
                         net (fo=64, routed)          0.588     1.471    Pico_Blazeee/Procesor/Interuptor/CLK
    SLICE_X0Y18          FDCE                                         r  Pico_Blazeee/Procesor/Interuptor/Int_latch_reg/C
  -------------------------------------------------------------------    -------------------
    SLICE_X0Y18          FDCE (Prop_fdce_C_Q)         0.141     1.612 f  Pico_Blazeee/Procesor/Interuptor/Int_latch_reg/Q
                         net (fo=34, routed)          0.176     1.788    Pico_Blazeee/Procesor/Interuptor/Int_latch
    SLICE_X5Y18          LUT4 (Prop_lut4_I0_O)        0.049     1.837 r  Pico_Blazeee/Procesor/Interuptor/Count[8]_i_1__0/O
                         net (fo=1, routed)           0.000     1.837    Pico_Blazeee/Procesor/Interuptor/p_1_in[8]
    SLICE_X5Y18          FDCE                                         r  Pico_Blazeee/Procesor/Interuptor/Count_reg[8]/D
  -------------------------------------------------------------------    -------------------

Slack:                    inf
  Source:                 Pico_Blazeee/Procesor/Interuptor/Int_latch_reg/C
                            (rising edge-triggered cell FDCE clocked by sys_clk_pin  {rise@0.000ns fall@5.000ns period=10.000ns})
  Destination:            Pico_Blazeee/Procesor/Interuptor/Count_reg[3]/D
  Path Group:             (none)
  Path Type:              Min at Fast Process Corner
  Data Path Delay:        0.424ns  (logic 0.186ns (43.824%)  route 0.238ns (56.176%))
  Logic Levels:           1  (LUT4=1)
  Clock Uncertainty:      0.025ns  ((TSJ^2 + TIJ^2)^1/2 + DJ) / 2 + PE
    Total System Jitter     (TSJ):    0.050ns
    Total Input Jitter      (TIJ):    0.000ns
    Discrete Jitter          (DJ):    0.000ns
    Phase Error              (PE):    0.000ns

    Location             Delay type                Incr(ns)  Path(ns)    Netlist Resource(s)
  -------------------------------------------------------------------    -------------------
                         (clock sys_clk_pin rise edge)
                                                      0.000     0.000 r  
    W5                                                0.000     0.000 r  CLK (IN)
                         net (fo=0)                   0.000     0.000    CLK
    W5                   IBUF (Prop_ibuf_I_O)         0.226     0.226 r  CLK_IBUF_inst/O
                         net (fo=1, routed)           0.631     0.858    CLK_IBUF
    BUFGCTRL_X0Y1        BUFG (Prop_bufg_I_O)         0.026     0.884 r  CLK_IBUF_BUFG_inst/O
                         net (fo=64, routed)          0.588     1.471    Pico_Blazeee/Procesor/Interuptor/CLK
    SLICE_X0Y18          FDCE                                         r  Pico_Blazeee/Procesor/Interuptor/Int_latch_reg/C
  -------------------------------------------------------------------    -------------------
    SLICE_X0Y18          FDCE (Prop_fdce_C_Q)         0.141     1.612 f  Pico_Blazeee/Procesor/Interuptor/Int_latch_reg/Q
                         net (fo=34, routed)          0.238     1.851    Pico_Blazeee/Procesor/Interuptor/Int_latch
    SLICE_X5Y17          LUT4 (Prop_lut4_I0_O)        0.045     1.896 r  Pico_Blazeee/Procesor/Interuptor/Count[3]_i_1__0/O
                         net (fo=1, routed)           0.000     1.896    Pico_Blazeee/Procesor/Interuptor/p_1_in[3]
    SLICE_X5Y17          FDCE                                         r  Pico_Blazeee/Procesor/Interuptor/Count_reg[3]/D
  -------------------------------------------------------------------    -------------------

Slack:                    inf
  Source:                 Pico_Blazeee/Procesor/Interuptor/Int_latch_reg/C
                            (rising edge-triggered cell FDCE clocked by sys_clk_pin  {rise@0.000ns fall@5.000ns period=10.000ns})
  Destination:            Pico_Blazeee/Procesor/Interuptor/Count_reg[4]/D
  Path Group:             (none)
  Path Type:              Min at Fast Process Corner
  Data Path Delay:        0.428ns  (logic 0.190ns (44.349%)  route 0.238ns (55.651%))
  Logic Levels:           1  (LUT4=1)
  Clock Uncertainty:      0.025ns  ((TSJ^2 + TIJ^2)^1/2 + DJ) / 2 + PE
    Total System Jitter     (TSJ):    0.050ns
    Total Input Jitter      (TIJ):    0.000ns
    Discrete Jitter          (DJ):    0.000ns
    Phase Error              (PE):    0.000ns

    Location             Delay type                Incr(ns)  Path(ns)    Netlist Resource(s)
  -------------------------------------------------------------------    -------------------
                         (clock sys_clk_pin rise edge)
                                                      0.000     0.000 r  
    W5                                                0.000     0.000 r  CLK (IN)
                         net (fo=0)                   0.000     0.000    CLK
    W5                   IBUF (Prop_ibuf_I_O)         0.226     0.226 r  CLK_IBUF_inst/O
                         net (fo=1, routed)           0.631     0.858    CLK_IBUF
    BUFGCTRL_X0Y1        BUFG (Prop_bufg_I_O)         0.026     0.884 r  CLK_IBUF_BUFG_inst/O
                         net (fo=64, routed)          0.588     1.471    Pico_Blazeee/Procesor/Interuptor/CLK
    SLICE_X0Y18          FDCE                                         r  Pico_Blazeee/Procesor/Interuptor/Int_latch_reg/C
  -------------------------------------------------------------------    -------------------
    SLICE_X0Y18          FDCE (Prop_fdce_C_Q)         0.141     1.612 f  Pico_Blazeee/Procesor/Interuptor/Int_latch_reg/Q
                         net (fo=34, routed)          0.238     1.851    Pico_Blazeee/Procesor/Interuptor/Int_latch
    SLICE_X5Y17          LUT4 (Prop_lut4_I0_O)        0.049     1.900 r  Pico_Blazeee/Procesor/Interuptor/Count[4]_i_1__0/O
                         net (fo=1, routed)           0.000     1.900    Pico_Blazeee/Procesor/Interuptor/p_1_in[4]
    SLICE_X5Y17          FDCE                                         r  Pico_Blazeee/Procesor/Interuptor/Count_reg[4]/D
  -------------------------------------------------------------------    -------------------

Slack:                    inf
  Source:                 Pico_Blazeee/Procesor/Interuptor/Int_latch_reg/C
                            (rising edge-triggered cell FDCE clocked by sys_clk_pin  {rise@0.000ns fall@5.000ns period=10.000ns})
  Destination:            Pico_Blazeee/Procesor/Interuptor/Count_reg[6]/D
  Path Group:             (none)
  Path Type:              Min at Fast Process Corner
  Data Path Delay:        0.432ns  (logic 0.183ns (42.327%)  route 0.249ns (57.673%))
  Logic Levels:           1  (LUT4=1)
  Clock Uncertainty:      0.025ns  ((TSJ^2 + TIJ^2)^1/2 + DJ) / 2 + PE
    Total System Jitter     (TSJ):    0.050ns
    Total Input Jitter      (TIJ):    0.000ns
    Discrete Jitter          (DJ):    0.000ns
    Phase Error              (PE):    0.000ns

    Location             Delay type                Incr(ns)  Path(ns)    Netlist Resource(s)
  -------------------------------------------------------------------    -------------------
                         (clock sys_clk_pin rise edge)
                                                      0.000     0.000 r  
    W5                                                0.000     0.000 r  CLK (IN)
                         net (fo=0)                   0.000     0.000    CLK
    W5                   IBUF (Prop_ibuf_I_O)         0.226     0.226 r  CLK_IBUF_inst/O
                         net (fo=1, routed)           0.631     0.858    CLK_IBUF
    BUFGCTRL_X0Y1        BUFG (Prop_bufg_I_O)         0.026     0.884 r  CLK_IBUF_BUFG_inst/O
                         net (fo=64, routed)          0.588     1.471    Pico_Blazeee/Procesor/Interuptor/CLK
    SLICE_X0Y18          FDCE                                         r  Pico_Blazeee/Procesor/Interuptor/Int_latch_reg/C
  -------------------------------------------------------------------    -------------------
    SLICE_X0Y18          FDCE (Prop_fdce_C_Q)         0.141     1.612 f  Pico_Blazeee/Procesor/Interuptor/Int_latch_reg/Q
                         net (fo=34, routed)          0.249     1.861    Pico_Blazeee/Procesor/Interuptor/Int_latch
    SLICE_X5Y18          LUT4 (Prop_lut4_I0_O)        0.042     1.903 r  Pico_Blazeee/Procesor/Interuptor/Count[6]_i_1__0/O
                         net (fo=1, routed)           0.000     1.903    Pico_Blazeee/Procesor/Interuptor/p_1_in[6]
    SLICE_X5Y18          FDCE                                         r  Pico_Blazeee/Procesor/Interuptor/Count_reg[6]/D
  -------------------------------------------------------------------    -------------------

Slack:                    inf
  Source:                 Pico_Blazeee/Procesor/Interuptor/Int_latch_reg/C
                            (rising edge-triggered cell FDCE clocked by sys_clk_pin  {rise@0.000ns fall@5.000ns period=10.000ns})
  Destination:            Pico_Blazeee/Procesor/Interuptor/Count_reg[5]/D
  Path Group:             (none)
  Path Type:              Min at Fast Process Corner
  Data Path Delay:        0.435ns  (logic 0.186ns (42.724%)  route 0.249ns (57.276%))
  Logic Levels:           1  (LUT4=1)
  Clock Uncertainty:      0.025ns  ((TSJ^2 + TIJ^2)^1/2 + DJ) / 2 + PE
    Total System Jitter     (TSJ):    0.050ns
    Total Input Jitter      (TIJ):    0.000ns
    Discrete Jitter          (DJ):    0.000ns
    Phase Error              (PE):    0.000ns

    Location             Delay type                Incr(ns)  Path(ns)    Netlist Resource(s)
  -------------------------------------------------------------------    -------------------
                         (clock sys_clk_pin rise edge)
                                                      0.000     0.000 r  
    W5                                                0.000     0.000 r  CLK (IN)
                         net (fo=0)                   0.000     0.000    CLK
    W5                   IBUF (Prop_ibuf_I_O)         0.226     0.226 r  CLK_IBUF_inst/O
                         net (fo=1, routed)           0.631     0.858    CLK_IBUF
    BUFGCTRL_X0Y1        BUFG (Prop_bufg_I_O)         0.026     0.884 r  CLK_IBUF_BUFG_inst/O
                         net (fo=64, routed)          0.588     1.471    Pico_Blazeee/Procesor/Interuptor/CLK
    SLICE_X0Y18          FDCE                                         r  Pico_Blazeee/Procesor/Interuptor/Int_latch_reg/C
  -------------------------------------------------------------------    -------------------
    SLICE_X0Y18          FDCE (Prop_fdce_C_Q)         0.141     1.612 f  Pico_Blazeee/Procesor/Interuptor/Int_latch_reg/Q
                         net (fo=34, routed)          0.249     1.861    Pico_Blazeee/Procesor/Interuptor/Int_latch
    SLICE_X5Y18          LUT4 (Prop_lut4_I0_O)        0.045     1.906 r  Pico_Blazeee/Procesor/Interuptor/Count[5]_i_1__0/O
                         net (fo=1, routed)           0.000     1.906    Pico_Blazeee/Procesor/Interuptor/p_1_in[5]
    SLICE_X5Y18          FDCE                                         r  Pico_Blazeee/Procesor/Interuptor/Count_reg[5]/D
  -------------------------------------------------------------------    -------------------

Slack:                    inf
  Source:                 Pico_Blazeee/Procesor/Interuptor/Int_latch_reg/C
                            (rising edge-triggered cell FDCE clocked by sys_clk_pin  {rise@0.000ns fall@5.000ns period=10.000ns})
  Destination:            Pico_Blazeee/Procesor/Interuptor/Count_reg[11]/D
  Path Group:             (none)
  Path Type:              Min at Fast Process Corner
  Data Path Delay:        0.446ns  (logic 0.186ns (41.688%)  route 0.260ns (58.312%))
  Logic Levels:           1  (LUT4=1)
  Clock Uncertainty:      0.025ns  ((TSJ^2 + TIJ^2)^1/2 + DJ) / 2 + PE
    Total System Jitter     (TSJ):    0.050ns
    Total Input Jitter      (TIJ):    0.000ns
    Discrete Jitter          (DJ):    0.000ns
    Phase Error              (PE):    0.000ns

    Location             Delay type                Incr(ns)  Path(ns)    Netlist Resource(s)
  -------------------------------------------------------------------    -------------------
                         (clock sys_clk_pin rise edge)
                                                      0.000     0.000 r  
    W5                                                0.000     0.000 r  CLK (IN)
                         net (fo=0)                   0.000     0.000    CLK
    W5                   IBUF (Prop_ibuf_I_O)         0.226     0.226 r  CLK_IBUF_inst/O
                         net (fo=1, routed)           0.631     0.858    CLK_IBUF
    BUFGCTRL_X0Y1        BUFG (Prop_bufg_I_O)         0.026     0.884 r  CLK_IBUF_BUFG_inst/O
                         net (fo=64, routed)          0.588     1.471    Pico_Blazeee/Procesor/Interuptor/CLK
    SLICE_X0Y18          FDCE                                         r  Pico_Blazeee/Procesor/Interuptor/Int_latch_reg/C
  -------------------------------------------------------------------    -------------------
    SLICE_X0Y18          FDCE (Prop_fdce_C_Q)         0.141     1.612 f  Pico_Blazeee/Procesor/Interuptor/Int_latch_reg/Q
                         net (fo=34, routed)          0.260     1.872    Pico_Blazeee/Procesor/Interuptor/Int_latch
    SLICE_X5Y19          LUT4 (Prop_lut4_I0_O)        0.045     1.917 r  Pico_Blazeee/Procesor/Interuptor/Count[11]_i_1__0/O
                         net (fo=1, routed)           0.000     1.917    Pico_Blazeee/Procesor/Interuptor/p_1_in[11]
    SLICE_X5Y19          FDCE                                         r  Pico_Blazeee/Procesor/Interuptor/Count_reg[11]/D
  -------------------------------------------------------------------    -------------------

Slack:                    inf
  Source:                 Pico_Blazeee/Procesor/Interuptor/Int_latch_reg/C
                            (rising edge-triggered cell FDCE clocked by sys_clk_pin  {rise@0.000ns fall@5.000ns period=10.000ns})
  Destination:            Pico_Blazeee/Procesor/Interuptor/Count_reg[12]/D
  Path Group:             (none)
  Path Type:              Min at Fast Process Corner
  Data Path Delay:        0.450ns  (logic 0.190ns (42.206%)  route 0.260ns (57.794%))
  Logic Levels:           1  (LUT4=1)
  Clock Uncertainty:      0.025ns  ((TSJ^2 + TIJ^2)^1/2 + DJ) / 2 + PE
    Total System Jitter     (TSJ):    0.050ns
    Total Input Jitter      (TIJ):    0.000ns
    Discrete Jitter          (DJ):    0.000ns
    Phase Error              (PE):    0.000ns

    Location             Delay type                Incr(ns)  Path(ns)    Netlist Resource(s)
  -------------------------------------------------------------------    -------------------
                         (clock sys_clk_pin rise edge)
                                                      0.000     0.000 r  
    W5                                                0.000     0.000 r  CLK (IN)
                         net (fo=0)                   0.000     0.000    CLK
    W5                   IBUF (Prop_ibuf_I_O)         0.226     0.226 r  CLK_IBUF_inst/O
                         net (fo=1, routed)           0.631     0.858    CLK_IBUF
    BUFGCTRL_X0Y1        BUFG (Prop_bufg_I_O)         0.026     0.884 r  CLK_IBUF_BUFG_inst/O
                         net (fo=64, routed)          0.588     1.471    Pico_Blazeee/Procesor/Interuptor/CLK
    SLICE_X0Y18          FDCE                                         r  Pico_Blazeee/Procesor/Interuptor/Int_latch_reg/C
  -------------------------------------------------------------------    -------------------
    SLICE_X0Y18          FDCE (Prop_fdce_C_Q)         0.141     1.612 f  Pico_Blazeee/Procesor/Interuptor/Int_latch_reg/Q
                         net (fo=34, routed)          0.260     1.872    Pico_Blazeee/Procesor/Interuptor/Int_latch
    SLICE_X5Y19          LUT4 (Prop_lut4_I0_O)        0.049     1.921 r  Pico_Blazeee/Procesor/Interuptor/Count[12]_i_1__0/O
                         net (fo=1, routed)           0.000     1.921    Pico_Blazeee/Procesor/Interuptor/p_1_in[12]
    SLICE_X5Y19          FDCE                                         r  Pico_Blazeee/Procesor/Interuptor/Count_reg[12]/D
  -------------------------------------------------------------------    -------------------

Slack:                    inf
  Source:                 Pico_Blazeee/Procesor/Interuptor/Int_latch_reg/C
                            (rising edge-triggered cell FDCE clocked by sys_clk_pin  {rise@0.000ns fall@5.000ns period=10.000ns})
  Destination:            Pico_Blazeee/Procesor/Interuptor/Count_reg[2]/D
  Path Group:             (none)
  Path Type:              Min at Fast Process Corner
  Data Path Delay:        0.494ns  (logic 0.183ns (37.013%)  route 0.311ns (62.987%))
  Logic Levels:           1  (LUT4=1)
  Clock Uncertainty:      0.025ns  ((TSJ^2 + TIJ^2)^1/2 + DJ) / 2 + PE
    Total System Jitter     (TSJ):    0.050ns
    Total Input Jitter      (TIJ):    0.000ns
    Discrete Jitter          (DJ):    0.000ns
    Phase Error              (PE):    0.000ns

    Location             Delay type                Incr(ns)  Path(ns)    Netlist Resource(s)
  -------------------------------------------------------------------    -------------------
                         (clock sys_clk_pin rise edge)
                                                      0.000     0.000 r  
    W5                                                0.000     0.000 r  CLK (IN)
                         net (fo=0)                   0.000     0.000    CLK
    W5                   IBUF (Prop_ibuf_I_O)         0.226     0.226 r  CLK_IBUF_inst/O
                         net (fo=1, routed)           0.631     0.858    CLK_IBUF
    BUFGCTRL_X0Y1        BUFG (Prop_bufg_I_O)         0.026     0.884 r  CLK_IBUF_BUFG_inst/O
                         net (fo=64, routed)          0.588     1.471    Pico_Blazeee/Procesor/Interuptor/CLK
    SLICE_X0Y18          FDCE                                         r  Pico_Blazeee/Procesor/Interuptor/Int_latch_reg/C
  -------------------------------------------------------------------    -------------------
    SLICE_X0Y18          FDCE (Prop_fdce_C_Q)         0.141     1.612 f  Pico_Blazeee/Procesor/Interuptor/Int_latch_reg/Q
                         net (fo=34, routed)          0.311     1.924    Pico_Blazeee/Procesor/Interuptor/Int_latch
    SLICE_X5Y17          LUT4 (Prop_lut4_I0_O)        0.042     1.966 r  Pico_Blazeee/Procesor/Interuptor/Count[2]_i_1__0/O
                         net (fo=1, routed)           0.000     1.966    Pico_Blazeee/Procesor/Interuptor/p_1_in[2]
    SLICE_X5Y17          FDCE                                         r  Pico_Blazeee/Procesor/Interuptor/Count_reg[2]/D
  -------------------------------------------------------------------    -------------------

Slack:                    inf
  Source:                 Pico_Blazeee/Procesor/Interuptor/Int_latch_reg/C
                            (rising edge-triggered cell FDCE clocked by sys_clk_pin  {rise@0.000ns fall@5.000ns period=10.000ns})
  Destination:            Pico_Blazeee/Procesor/Interuptor/Count_reg[1]/D
  Path Group:             (none)
  Path Type:              Min at Fast Process Corner
  Data Path Delay:        0.497ns  (logic 0.186ns (37.393%)  route 0.311ns (62.607%))
  Logic Levels:           1  (LUT4=1)
  Clock Uncertainty:      0.025ns  ((TSJ^2 + TIJ^2)^1/2 + DJ) / 2 + PE
    Total System Jitter     (TSJ):    0.050ns
    Total Input Jitter      (TIJ):    0.000ns
    Discrete Jitter          (DJ):    0.000ns
    Phase Error              (PE):    0.000ns

    Location             Delay type                Incr(ns)  Path(ns)    Netlist Resource(s)
  -------------------------------------------------------------------    -------------------
                         (clock sys_clk_pin rise edge)
                                                      0.000     0.000 r  
    W5                                                0.000     0.000 r  CLK (IN)
                         net (fo=0)                   0.000     0.000    CLK
    W5                   IBUF (Prop_ibuf_I_O)         0.226     0.226 r  CLK_IBUF_inst/O
                         net (fo=1, routed)           0.631     0.858    CLK_IBUF
    BUFGCTRL_X0Y1        BUFG (Prop_bufg_I_O)         0.026     0.884 r  CLK_IBUF_BUFG_inst/O
                         net (fo=64, routed)          0.588     1.471    Pico_Blazeee/Procesor/Interuptor/CLK
    SLICE_X0Y18          FDCE                                         r  Pico_Blazeee/Procesor/Interuptor/Int_latch_reg/C
  -------------------------------------------------------------------    -------------------
    SLICE_X0Y18          FDCE (Prop_fdce_C_Q)         0.141     1.612 f  Pico_Blazeee/Procesor/Interuptor/Int_latch_reg/Q
                         net (fo=34, routed)          0.311     1.924    Pico_Blazeee/Procesor/Interuptor/Int_latch
    SLICE_X5Y17          LUT4 (Prop_lut4_I0_O)        0.045     1.969 r  Pico_Blazeee/Procesor/Interuptor/Count[1]_i_1__0/O
                         net (fo=1, routed)           0.000     1.969    Pico_Blazeee/Procesor/Interuptor/p_1_in[1]
    SLICE_X5Y17          FDCE                                         r  Pico_Blazeee/Procesor/Interuptor/Count_reg[1]/D
  -------------------------------------------------------------------    -------------------





--------------------------------------------------------------------------------------
Path Group:  (none)
From Clock:  
  To Clock:  sys_clk_pin

Max Delay            71 Endpoints
Min Delay            71 Endpoints
--------------------------------------------------------------------------------------


Max Delay Paths
--------------------------------------------------------------------------------------
Slack:                    inf
  Source:                 Pico_Blazeee/Procesor/PC/PC/Q_aux_reg[7]/C
                            (rising edge-triggered cell FDCE)
  Destination:            Pico_Blazeee/Output/Buffer_digits/Data_out_reg[2]/D
                            (rising edge-triggered cell FDCE clocked by sys_clk_pin  {rise@0.000ns fall@5.000ns period=10.000ns})
  Path Group:             (none)
  Path Type:              Setup (Max at Slow Process Corner)
  Data Path Delay:        8.604ns  (logic 1.892ns (21.989%)  route 6.712ns (78.011%))
  Logic Levels:           8  (FDCE=1 LUT3=1 LUT4=1 LUT5=3 LUT6=2)
  Clock Uncertainty:      0.025ns  ((TSJ^2 + TIJ^2)^1/2 + DJ) / 2 + PE
    Total System Jitter     (TSJ):    0.050ns
    Total Input Jitter      (TIJ):    0.000ns
    Discrete Jitter          (DJ):    0.000ns
    Phase Error              (PE):    0.000ns

    Location             Delay type                Incr(ns)  Path(ns)    Netlist Resource(s)
  -------------------------------------------------------------------    -------------------
    SLICE_X0Y23          FDCE                         0.000     0.000 r  Pico_Blazeee/Procesor/PC/PC/Q_aux_reg[7]/C
    SLICE_X0Y23          FDCE (Prop_fdce_C_Q)         0.419     0.419 f  Pico_Blazeee/Procesor/PC/PC/Q_aux_reg[7]/Q
                         net (fo=4, routed)           1.037     1.456    Pico_Blazeee/Procesor/PC/PC/Q[7]
    SLICE_X0Y23          LUT4 (Prop_lut4_I0_O)        0.296     1.752 r  Pico_Blazeee/Procesor/PC/PC/S_Register[1][7]_i_3/O
                         net (fo=21, routed)          1.508     3.261    Pico_Blazeee/Procesor/PC/PC/S_Register[1][7]_i_3_n_0
    SLICE_X1Y27          LUT5 (Prop_lut5_I3_O)        0.124     3.385 r  Pico_Blazeee/Procesor/PC/PC/Q_aux[1]_i_2/O
                         net (fo=19, routed)          0.742     4.127    Pico_Blazeee/Procesor/Registers/Data_out[0]_i_2
    SLICE_X1Y30          LUT5 (Prop_lut5_I1_O)        0.124     4.251 r  Pico_Blazeee/Procesor/Registers/minusOp_carry__0_i_9/O
                         net (fo=2, routed)           0.816     5.067    Pico_Blazeee/Procesor/PC/PC/minusOp_carry__0
    SLICE_X0Y32          LUT6 (Prop_lut6_I3_O)        0.124     5.191 r  Pico_Blazeee/Procesor/PC/PC/minusOp_carry__0_i_14/O
                         net (fo=13, routed)          1.477     6.668    Pico_Blazeee/Procesor/PC/PC/minusOp_carry__0_i_14_n_0
    SLICE_X4Y29          LUT5 (Prop_lut5_I2_O)        0.150     6.818 r  Pico_Blazeee/Procesor/PC/PC/Data_out[6]_i_2/O
                         net (fo=4, routed)           0.449     7.267    Pico_Blazeee/Procesor/PC/PC/Data_out[6]_i_2_n_0
    SLICE_X4Y29          LUT3 (Prop_lut3_I0_O)        0.328     7.595 r  Pico_Blazeee/Procesor/PC/PC/Data_out[4]_i_4/O
                         net (fo=4, routed)           0.683     8.277    Pico_Blazeee/Procesor/PC/PC/Data_out[4]_i_4_n_0
    SLICE_X4Y28          LUT6 (Prop_lut6_I3_O)        0.327     8.604 r  Pico_Blazeee/Procesor/PC/PC/Data_out[2]_i_1/O
                         net (fo=1, routed)           0.000     8.604    Pico_Blazeee/Output/Buffer_digits/D[2]
    SLICE_X4Y28          FDCE                                         r  Pico_Blazeee/Output/Buffer_digits/Data_out_reg[2]/D
  -------------------------------------------------------------------    -------------------

                         (clock sys_clk_pin rise edge)
                                                      0.000     0.000 r  
    W5                                                0.000     0.000 r  CLK (IN)
                         net (fo=0)                   0.000     0.000    CLK
    W5                   IBUF (Prop_ibuf_I_O)         1.388     1.388 r  CLK_IBUF_inst/O
                         net (fo=1, routed)           1.862     3.250    CLK_IBUF
    BUFGCTRL_X0Y1        BUFG (Prop_bufg_I_O)         0.091     3.341 r  CLK_IBUF_BUFG_inst/O
                         net (fo=64, routed)          1.505     4.846    Pico_Blazeee/Output/Buffer_digits/CLK
    SLICE_X4Y28          FDCE                                         r  Pico_Blazeee/Output/Buffer_digits/Data_out_reg[2]/C

Slack:                    inf
  Source:                 Pico_Blazeee/Procesor/PC/PC/Q_aux_reg[7]/C
                            (rising edge-triggered cell FDCE)
  Destination:            Pico_Blazeee/Output/Buffer_digits/Data_out_reg[9]/D
                            (rising edge-triggered cell FDCE clocked by sys_clk_pin  {rise@0.000ns fall@5.000ns period=10.000ns})
  Path Group:             (none)
  Path Type:              Setup (Max at Slow Process Corner)
  Data Path Delay:        8.598ns  (logic 2.413ns (28.064%)  route 6.185ns (71.936%))
  Logic Levels:           9  (CARRY4=2 FDCE=1 LUT3=2 LUT4=1 LUT5=2 LUT6=1)
  Clock Uncertainty:      0.025ns  ((TSJ^2 + TIJ^2)^1/2 + DJ) / 2 + PE
    Total System Jitter     (TSJ):    0.050ns
    Total Input Jitter      (TIJ):    0.000ns
    Discrete Jitter          (DJ):    0.000ns
    Phase Error              (PE):    0.000ns

    Location             Delay type                Incr(ns)  Path(ns)    Netlist Resource(s)
  -------------------------------------------------------------------    -------------------
    SLICE_X0Y23          FDCE                         0.000     0.000 r  Pico_Blazeee/Procesor/PC/PC/Q_aux_reg[7]/C
    SLICE_X0Y23          FDCE (Prop_fdce_C_Q)         0.419     0.419 f  Pico_Blazeee/Procesor/PC/PC/Q_aux_reg[7]/Q
                         net (fo=4, routed)           1.037     1.456    Pico_Blazeee/Procesor/PC/PC/Q[7]
    SLICE_X0Y23          LUT4 (Prop_lut4_I0_O)        0.296     1.752 r  Pico_Blazeee/Procesor/PC/PC/S_Register[1][7]_i_3/O
                         net (fo=21, routed)          1.508     3.261    Pico_Blazeee/Procesor/PC/PC/S_Register[1][7]_i_3_n_0
    SLICE_X1Y27          LUT5 (Prop_lut5_I3_O)        0.124     3.385 r  Pico_Blazeee/Procesor/PC/PC/Q_aux[1]_i_2/O
                         net (fo=19, routed)          0.974     4.359    Pico_Blazeee/Procesor/Registers/Data_out[0]_i_2
    SLICE_X0Y29          LUT5 (Prop_lut5_I1_O)        0.124     4.483 r  Pico_Blazeee/Procesor/Registers/Data_out[4]_i_7/O
                         net (fo=1, routed)           0.655     5.138    Pico_Blazeee/Procesor/PC/PC/Data_out_reg[2]
    SLICE_X1Y29          LUT6 (Prop_lut6_I3_O)        0.124     5.262 r  Pico_Blazeee/Procesor/PC/PC/Data_out[4]_i_3/O
                         net (fo=15, routed)          1.142     6.404    Pico_Blazeee/Procesor/PC/PC/S_Register[1][3]_i_5_n_0
    SLICE_X3Y31          LUT3 (Prop_lut3_I1_O)        0.124     6.528 r  Pico_Blazeee/Procesor/PC/PC/First_digit0__0_carry_i_6/O
                         net (fo=1, routed)           0.000     6.528    Pico_Blazeee/Output/Convertor_digits/S[0]
    SLICE_X3Y31          CARRY4 (Prop_carry4_S[0]_CO[3])
                                                      0.532     7.060 r  Pico_Blazeee/Output/Convertor_digits/First_digit0__0_carry/CO[3]
                         net (fo=1, routed)           0.000     7.060    Pico_Blazeee/Output/Convertor_digits/First_digit0__0_carry_n_0
    SLICE_X3Y32          CARRY4 (Prop_carry4_CI_CO[0])
                                                      0.271     7.331 f  Pico_Blazeee/Output/Convertor_digits/First_digit0__0_carry__0/CO[0]
                         net (fo=2, routed)           0.868     8.199    Pico_Blazeee/Procesor/PC/PC/CO[0]
    SLICE_X5Y29          LUT3 (Prop_lut3_I1_O)        0.399     8.598 r  Pico_Blazeee/Procesor/PC/PC/Data_out[9]_i_1/O
                         net (fo=1, routed)           0.000     8.598    Pico_Blazeee/Output/Buffer_digits/D[9]
    SLICE_X5Y29          FDCE                                         r  Pico_Blazeee/Output/Buffer_digits/Data_out_reg[9]/D
  -------------------------------------------------------------------    -------------------

                         (clock sys_clk_pin rise edge)
                                                      0.000     0.000 r  
    W5                                                0.000     0.000 r  CLK (IN)
                         net (fo=0)                   0.000     0.000    CLK
    W5                   IBUF (Prop_ibuf_I_O)         1.388     1.388 r  CLK_IBUF_inst/O
                         net (fo=1, routed)           1.862     3.250    CLK_IBUF
    BUFGCTRL_X0Y1        BUFG (Prop_bufg_I_O)         0.091     3.341 r  CLK_IBUF_BUFG_inst/O
                         net (fo=64, routed)          1.506     4.847    Pico_Blazeee/Output/Buffer_digits/CLK
    SLICE_X5Y29          FDCE                                         r  Pico_Blazeee/Output/Buffer_digits/Data_out_reg[9]/C

Slack:                    inf
  Source:                 Pico_Blazeee/Procesor/PC/PC/Q_aux_reg[7]/C
                            (rising edge-triggered cell FDCE)
  Destination:            Pico_Blazeee/Output/Buffer_digits/Data_out_reg[3]/D
                            (rising edge-triggered cell FDCE clocked by sys_clk_pin  {rise@0.000ns fall@5.000ns period=10.000ns})
  Path Group:             (none)
  Path Type:              Setup (Max at Slow Process Corner)
  Data Path Delay:        8.596ns  (logic 1.892ns (22.009%)  route 6.704ns (77.991%))
  Logic Levels:           8  (FDCE=1 LUT3=1 LUT4=1 LUT5=3 LUT6=2)
  Clock Uncertainty:      0.025ns  ((TSJ^2 + TIJ^2)^1/2 + DJ) / 2 + PE
    Total System Jitter     (TSJ):    0.050ns
    Total Input Jitter      (TIJ):    0.000ns
    Discrete Jitter          (DJ):    0.000ns
    Phase Error              (PE):    0.000ns

    Location             Delay type                Incr(ns)  Path(ns)    Netlist Resource(s)
  -------------------------------------------------------------------    -------------------
    SLICE_X0Y23          FDCE                         0.000     0.000 r  Pico_Blazeee/Procesor/PC/PC/Q_aux_reg[7]/C
    SLICE_X0Y23          FDCE (Prop_fdce_C_Q)         0.419     0.419 f  Pico_Blazeee/Procesor/PC/PC/Q_aux_reg[7]/Q
                         net (fo=4, routed)           1.037     1.456    Pico_Blazeee/Procesor/PC/PC/Q[7]
    SLICE_X0Y23          LUT4 (Prop_lut4_I0_O)        0.296     1.752 r  Pico_Blazeee/Procesor/PC/PC/S_Register[1][7]_i_3/O
                         net (fo=21, routed)          1.508     3.261    Pico_Blazeee/Procesor/PC/PC/S_Register[1][7]_i_3_n_0
    SLICE_X1Y27          LUT5 (Prop_lut5_I3_O)        0.124     3.385 r  Pico_Blazeee/Procesor/PC/PC/Q_aux[1]_i_2/O
                         net (fo=19, routed)          0.742     4.127    Pico_Blazeee/Procesor/Registers/Data_out[0]_i_2
    SLICE_X1Y30          LUT5 (Prop_lut5_I1_O)        0.124     4.251 r  Pico_Blazeee/Procesor/Registers/minusOp_carry__0_i_9/O
                         net (fo=2, routed)           0.816     5.067    Pico_Blazeee/Procesor/PC/PC/minusOp_carry__0
    SLICE_X0Y32          LUT6 (Prop_lut6_I3_O)        0.124     5.191 r  Pico_Blazeee/Procesor/PC/PC/minusOp_carry__0_i_14/O
                         net (fo=13, routed)          1.477     6.668    Pico_Blazeee/Procesor/PC/PC/minusOp_carry__0_i_14_n_0
    SLICE_X4Y29          LUT5 (Prop_lut5_I2_O)        0.150     6.818 r  Pico_Blazeee/Procesor/PC/PC/Data_out[6]_i_2/O
                         net (fo=4, routed)           0.449     7.267    Pico_Blazeee/Procesor/PC/PC/Data_out[6]_i_2_n_0
    SLICE_X4Y29          LUT3 (Prop_lut3_I0_O)        0.328     7.595 r  Pico_Blazeee/Procesor/PC/PC/Data_out[4]_i_4/O
                         net (fo=4, routed)           0.675     8.269    Pico_Blazeee/Procesor/PC/PC/Data_out[4]_i_4_n_0
    SLICE_X4Y28          LUT6 (Prop_lut6_I3_O)        0.327     8.596 r  Pico_Blazeee/Procesor/PC/PC/Data_out[3]_i_1/O
                         net (fo=1, routed)           0.000     8.596    Pico_Blazeee/Output/Buffer_digits/D[3]
    SLICE_X4Y28          FDCE                                         r  Pico_Blazeee/Output/Buffer_digits/Data_out_reg[3]/D
  -------------------------------------------------------------------    -------------------

                         (clock sys_clk_pin rise edge)
                                                      0.000     0.000 r  
    W5                                                0.000     0.000 r  CLK (IN)
                         net (fo=0)                   0.000     0.000    CLK
    W5                   IBUF (Prop_ibuf_I_O)         1.388     1.388 r  CLK_IBUF_inst/O
                         net (fo=1, routed)           1.862     3.250    CLK_IBUF
    BUFGCTRL_X0Y1        BUFG (Prop_bufg_I_O)         0.091     3.341 r  CLK_IBUF_BUFG_inst/O
                         net (fo=64, routed)          1.505     4.846    Pico_Blazeee/Output/Buffer_digits/CLK
    SLICE_X4Y28          FDCE                                         r  Pico_Blazeee/Output/Buffer_digits/Data_out_reg[3]/C

Slack:                    inf
  Source:                 Pico_Blazeee/Procesor/PC/PC/Q_aux_reg[7]/C
                            (rising edge-triggered cell FDCE)
  Destination:            Pico_Blazeee/Output/Buffer_digits/Data_out_reg[8]/D
                            (rising edge-triggered cell FDCE clocked by sys_clk_pin  {rise@0.000ns fall@5.000ns period=10.000ns})
  Path Group:             (none)
  Path Type:              Setup (Max at Slow Process Corner)
  Data Path Delay:        8.572ns  (logic 2.387ns (27.846%)  route 6.185ns (72.154%))
  Logic Levels:           9  (CARRY4=2 FDCE=1 LUT3=2 LUT4=1 LUT5=2 LUT6=1)
  Clock Uncertainty:      0.025ns  ((TSJ^2 + TIJ^2)^1/2 + DJ) / 2 + PE
    Total System Jitter     (TSJ):    0.050ns
    Total Input Jitter      (TIJ):    0.000ns
    Discrete Jitter          (DJ):    0.000ns
    Phase Error              (PE):    0.000ns

    Location             Delay type                Incr(ns)  Path(ns)    Netlist Resource(s)
  -------------------------------------------------------------------    -------------------
    SLICE_X0Y23          FDCE                         0.000     0.000 r  Pico_Blazeee/Procesor/PC/PC/Q_aux_reg[7]/C
    SLICE_X0Y23          FDCE (Prop_fdce_C_Q)         0.419     0.419 f  Pico_Blazeee/Procesor/PC/PC/Q_aux_reg[7]/Q
                         net (fo=4, routed)           1.037     1.456    Pico_Blazeee/Procesor/PC/PC/Q[7]
    SLICE_X0Y23          LUT4 (Prop_lut4_I0_O)        0.296     1.752 r  Pico_Blazeee/Procesor/PC/PC/S_Register[1][7]_i_3/O
                         net (fo=21, routed)          1.508     3.261    Pico_Blazeee/Procesor/PC/PC/S_Register[1][7]_i_3_n_0
    SLICE_X1Y27          LUT5 (Prop_lut5_I3_O)        0.124     3.385 r  Pico_Blazeee/Procesor/PC/PC/Q_aux[1]_i_2/O
                         net (fo=19, routed)          0.974     4.359    Pico_Blazeee/Procesor/Registers/Data_out[0]_i_2
    SLICE_X0Y29          LUT5 (Prop_lut5_I1_O)        0.124     4.483 r  Pico_Blazeee/Procesor/Registers/Data_out[4]_i_7/O
                         net (fo=1, routed)           0.655     5.138    Pico_Blazeee/Procesor/PC/PC/Data_out_reg[2]
    SLICE_X1Y29          LUT6 (Prop_lut6_I3_O)        0.124     5.262 r  Pico_Blazeee/Procesor/PC/PC/Data_out[4]_i_3/O
                         net (fo=15, routed)          1.142     6.404    Pico_Blazeee/Procesor/PC/PC/S_Register[1][3]_i_5_n_0
    SLICE_X3Y31          LUT3 (Prop_lut3_I1_O)        0.124     6.528 r  Pico_Blazeee/Procesor/PC/PC/First_digit0__0_carry_i_6/O
                         net (fo=1, routed)           0.000     6.528    Pico_Blazeee/Output/Convertor_digits/S[0]
    SLICE_X3Y31          CARRY4 (Prop_carry4_S[0]_CO[3])
                                                      0.532     7.060 r  Pico_Blazeee/Output/Convertor_digits/First_digit0__0_carry/CO[3]
                         net (fo=1, routed)           0.000     7.060    Pico_Blazeee/Output/Convertor_digits/First_digit0__0_carry_n_0
    SLICE_X3Y32          CARRY4 (Prop_carry4_CI_CO[0])
                                                      0.271     7.331 r  Pico_Blazeee/Output/Convertor_digits/First_digit0__0_carry__0/CO[0]
                         net (fo=2, routed)           0.868     8.199    Pico_Blazeee/Procesor/PC/PC/CO[0]
    SLICE_X5Y29          LUT3 (Prop_lut3_I2_O)        0.373     8.572 r  Pico_Blazeee/Procesor/PC/PC/Data_out[8]_i_1/O
                         net (fo=1, routed)           0.000     8.572    Pico_Blazeee/Output/Buffer_digits/D[8]
    SLICE_X5Y29          FDCE                                         r  Pico_Blazeee/Output/Buffer_digits/Data_out_reg[8]/D
  -------------------------------------------------------------------    -------------------

                         (clock sys_clk_pin rise edge)
                                                      0.000     0.000 r  
    W5                                                0.000     0.000 r  CLK (IN)
                         net (fo=0)                   0.000     0.000    CLK
    W5                   IBUF (Prop_ibuf_I_O)         1.388     1.388 r  CLK_IBUF_inst/O
                         net (fo=1, routed)           1.862     3.250    CLK_IBUF
    BUFGCTRL_X0Y1        BUFG (Prop_bufg_I_O)         0.091     3.341 r  CLK_IBUF_BUFG_inst/O
                         net (fo=64, routed)          1.506     4.847    Pico_Blazeee/Output/Buffer_digits/CLK
    SLICE_X5Y29          FDCE                                         r  Pico_Blazeee/Output/Buffer_digits/Data_out_reg[8]/C

Slack:                    inf
  Source:                 Pico_Blazeee/Procesor/PC/PC/Q_aux_reg[7]/C
                            (rising edge-triggered cell FDCE)
  Destination:            Pico_Blazeee/Output/Buffer_digits/Data_out_reg[4]/D
                            (rising edge-triggered cell FDCE clocked by sys_clk_pin  {rise@0.000ns fall@5.000ns period=10.000ns})
  Path Group:             (none)
  Path Type:              Setup (Max at Slow Process Corner)
  Data Path Delay:        8.363ns  (logic 1.892ns (22.622%)  route 6.471ns (77.378%))
  Logic Levels:           8  (FDCE=1 LUT3=1 LUT4=1 LUT5=3 LUT6=2)
  Clock Uncertainty:      0.025ns  ((TSJ^2 + TIJ^2)^1/2 + DJ) / 2 + PE
    Total System Jitter     (TSJ):    0.050ns
    Total Input Jitter      (TIJ):    0.000ns
    Discrete Jitter          (DJ):    0.000ns
    Phase Error              (PE):    0.000ns

    Location             Delay type                Incr(ns)  Path(ns)    Netlist Resource(s)
  -------------------------------------------------------------------    -------------------
    SLICE_X0Y23          FDCE                         0.000     0.000 r  Pico_Blazeee/Procesor/PC/PC/Q_aux_reg[7]/C
    SLICE_X0Y23          FDCE (Prop_fdce_C_Q)         0.419     0.419 f  Pico_Blazeee/Procesor/PC/PC/Q_aux_reg[7]/Q
                         net (fo=4, routed)           1.037     1.456    Pico_Blazeee/Procesor/PC/PC/Q[7]
    SLICE_X0Y23          LUT4 (Prop_lut4_I0_O)        0.296     1.752 r  Pico_Blazeee/Procesor/PC/PC/S_Register[1][7]_i_3/O
                         net (fo=21, routed)          1.508     3.261    Pico_Blazeee/Procesor/PC/PC/S_Register[1][7]_i_3_n_0
    SLICE_X1Y27          LUT5 (Prop_lut5_I3_O)        0.124     3.385 r  Pico_Blazeee/Procesor/PC/PC/Q_aux[1]_i_2/O
                         net (fo=19, routed)          0.742     4.127    Pico_Blazeee/Procesor/Registers/Data_out[0]_i_2
    SLICE_X1Y30          LUT5 (Prop_lut5_I1_O)        0.124     4.251 r  Pico_Blazeee/Procesor/Registers/minusOp_carry__0_i_9/O
                         net (fo=2, routed)           0.816     5.067    Pico_Blazeee/Procesor/PC/PC/minusOp_carry__0
    SLICE_X0Y32          LUT6 (Prop_lut6_I3_O)        0.124     5.191 r  Pico_Blazeee/Procesor/PC/PC/minusOp_carry__0_i_14/O
                         net (fo=13, routed)          1.477     6.668    Pico_Blazeee/Procesor/PC/PC/minusOp_carry__0_i_14_n_0
    SLICE_X4Y29          LUT5 (Prop_lut5_I2_O)        0.150     6.818 r  Pico_Blazeee/Procesor/PC/PC/Data_out[6]_i_2/O
                         net (fo=4, routed)           0.449     7.267    Pico_Blazeee/Procesor/PC/PC/Data_out[6]_i_2_n_0
    SLICE_X4Y29          LUT3 (Prop_lut3_I0_O)        0.328     7.595 f  Pico_Blazeee/Procesor/PC/PC/Data_out[4]_i_4/O
                         net (fo=4, routed)           0.442     8.036    Pico_Blazeee/Procesor/PC/PC/Data_out[4]_i_4_n_0
    SLICE_X5Y28          LUT6 (Prop_lut6_I4_O)        0.327     8.363 r  Pico_Blazeee/Procesor/PC/PC/Data_out[4]_i_1/O
                         net (fo=1, routed)           0.000     8.363    Pico_Blazeee/Output/Buffer_digits/D[4]
    SLICE_X5Y28          FDCE                                         r  Pico_Blazeee/Output/Buffer_digits/Data_out_reg[4]/D
  -------------------------------------------------------------------    -------------------

                         (clock sys_clk_pin rise edge)
                                                      0.000     0.000 r  
    W5                                                0.000     0.000 r  CLK (IN)
                         net (fo=0)                   0.000     0.000    CLK
    W5                   IBUF (Prop_ibuf_I_O)         1.388     1.388 r  CLK_IBUF_inst/O
                         net (fo=1, routed)           1.862     3.250    CLK_IBUF
    BUFGCTRL_X0Y1        BUFG (Prop_bufg_I_O)         0.091     3.341 r  CLK_IBUF_BUFG_inst/O
                         net (fo=64, routed)          1.505     4.846    Pico_Blazeee/Output/Buffer_digits/CLK
    SLICE_X5Y28          FDCE                                         r  Pico_Blazeee/Output/Buffer_digits/Data_out_reg[4]/C

Slack:                    inf
  Source:                 Pico_Blazeee/Procesor/PC/PC/Q_aux_reg[7]/C
                            (rising edge-triggered cell FDCE)
  Destination:            Pico_Blazeee/Output/Buffer_digits/Data_out_reg[1]/D
                            (rising edge-triggered cell FDCE clocked by sys_clk_pin  {rise@0.000ns fall@5.000ns period=10.000ns})
  Path Group:             (none)
  Path Type:              Setup (Max at Slow Process Corner)
  Data Path Delay:        8.216ns  (logic 1.892ns (23.028%)  route 6.324ns (76.972%))
  Logic Levels:           8  (FDCE=1 LUT3=1 LUT4=1 LUT5=3 LUT6=2)
  Clock Uncertainty:      0.025ns  ((TSJ^2 + TIJ^2)^1/2 + DJ) / 2 + PE
    Total System Jitter     (TSJ):    0.050ns
    Total Input Jitter      (TIJ):    0.000ns
    Discrete Jitter          (DJ):    0.000ns
    Phase Error              (PE):    0.000ns

    Location             Delay type                Incr(ns)  Path(ns)    Netlist Resource(s)
  -------------------------------------------------------------------    -------------------
    SLICE_X0Y23          FDCE                         0.000     0.000 r  Pico_Blazeee/Procesor/PC/PC/Q_aux_reg[7]/C
    SLICE_X0Y23          FDCE (Prop_fdce_C_Q)         0.419     0.419 f  Pico_Blazeee/Procesor/PC/PC/Q_aux_reg[7]/Q
                         net (fo=4, routed)           1.037     1.456    Pico_Blazeee/Procesor/PC/PC/Q[7]
    SLICE_X0Y23          LUT4 (Prop_lut4_I0_O)        0.296     1.752 r  Pico_Blazeee/Procesor/PC/PC/S_Register[1][7]_i_3/O
                         net (fo=21, routed)          1.508     3.261    Pico_Blazeee/Procesor/PC/PC/S_Register[1][7]_i_3_n_0
    SLICE_X1Y27          LUT5 (Prop_lut5_I3_O)        0.124     3.385 r  Pico_Blazeee/Procesor/PC/PC/Q_aux[1]_i_2/O
                         net (fo=19, routed)          0.742     4.127    Pico_Blazeee/Procesor/Registers/Data_out[0]_i_2
    SLICE_X1Y30          LUT5 (Prop_lut5_I1_O)        0.124     4.251 r  Pico_Blazeee/Procesor/Registers/minusOp_carry__0_i_9/O
                         net (fo=2, routed)           0.816     5.067    Pico_Blazeee/Procesor/PC/PC/minusOp_carry__0
    SLICE_X0Y32          LUT6 (Prop_lut6_I3_O)        0.124     5.191 r  Pico_Blazeee/Procesor/PC/PC/minusOp_carry__0_i_14/O
                         net (fo=13, routed)          1.477     6.668    Pico_Blazeee/Procesor/PC/PC/minusOp_carry__0_i_14_n_0
    SLICE_X4Y29          LUT5 (Prop_lut5_I2_O)        0.150     6.818 r  Pico_Blazeee/Procesor/PC/PC/Data_out[6]_i_2/O
                         net (fo=4, routed)           0.449     7.267    Pico_Blazeee/Procesor/PC/PC/Data_out[6]_i_2_n_0
    SLICE_X4Y29          LUT3 (Prop_lut3_I0_O)        0.328     7.595 r  Pico_Blazeee/Procesor/PC/PC/Data_out[4]_i_4/O
                         net (fo=4, routed)           0.294     7.889    Pico_Blazeee/Procesor/PC/PC/Data_out[4]_i_4_n_0
    SLICE_X4Y29          LUT6 (Prop_lut6_I1_O)        0.327     8.216 r  Pico_Blazeee/Procesor/PC/PC/Data_out[1]_i_1/O
                         net (fo=1, routed)           0.000     8.216    Pico_Blazeee/Output/Buffer_digits/D[1]
    SLICE_X4Y29          FDCE                                         r  Pico_Blazeee/Output/Buffer_digits/Data_out_reg[1]/D
  -------------------------------------------------------------------    -------------------

                         (clock sys_clk_pin rise edge)
                                                      0.000     0.000 r  
    W5                                                0.000     0.000 r  CLK (IN)
                         net (fo=0)                   0.000     0.000    CLK
    W5                   IBUF (Prop_ibuf_I_O)         1.388     1.388 r  CLK_IBUF_inst/O
                         net (fo=1, routed)           1.862     3.250    CLK_IBUF
    BUFGCTRL_X0Y1        BUFG (Prop_bufg_I_O)         0.091     3.341 r  CLK_IBUF_BUFG_inst/O
                         net (fo=64, routed)          1.506     4.847    Pico_Blazeee/Output/Buffer_digits/CLK
    SLICE_X4Y29          FDCE                                         r  Pico_Blazeee/Output/Buffer_digits/Data_out_reg[1]/C

Slack:                    inf
  Source:                 Pico_Blazeee/Procesor/PC/PC/Q_aux_reg[7]/C
                            (rising edge-triggered cell FDCE)
  Destination:            Pico_Blazeee/Output/Buffer_digits/Data_out_reg[7]/D
                            (rising edge-triggered cell FDCE clocked by sys_clk_pin  {rise@0.000ns fall@5.000ns period=10.000ns})
  Path Group:             (none)
  Path Type:              Setup (Max at Slow Process Corner)
  Data Path Delay:        8.167ns  (logic 1.693ns (20.730%)  route 6.474ns (79.270%))
  Logic Levels:           8  (FDCE=1 LUT4=1 LUT5=4 LUT6=2)
  Clock Uncertainty:      0.025ns  ((TSJ^2 + TIJ^2)^1/2 + DJ) / 2 + PE
    Total System Jitter     (TSJ):    0.050ns
    Total Input Jitter      (TIJ):    0.000ns
    Discrete Jitter          (DJ):    0.000ns
    Phase Error              (PE):    0.000ns

    Location             Delay type                Incr(ns)  Path(ns)    Netlist Resource(s)
  -------------------------------------------------------------------    -------------------
    SLICE_X0Y23          FDCE                         0.000     0.000 r  Pico_Blazeee/Procesor/PC/PC/Q_aux_reg[7]/C
    SLICE_X0Y23          FDCE (Prop_fdce_C_Q)         0.419     0.419 f  Pico_Blazeee/Procesor/PC/PC/Q_aux_reg[7]/Q
                         net (fo=4, routed)           1.037     1.456    Pico_Blazeee/Procesor/PC/PC/Q[7]
    SLICE_X0Y23          LUT4 (Prop_lut4_I0_O)        0.296     1.752 r  Pico_Blazeee/Procesor/PC/PC/S_Register[1][7]_i_3/O
                         net (fo=21, routed)          1.508     3.261    Pico_Blazeee/Procesor/PC/PC/S_Register[1][7]_i_3_n_0
    SLICE_X1Y27          LUT5 (Prop_lut5_I3_O)        0.124     3.385 r  Pico_Blazeee/Procesor/PC/PC/Q_aux[1]_i_2/O
                         net (fo=19, routed)          0.742     4.127    Pico_Blazeee/Procesor/Registers/Data_out[0]_i_2
    SLICE_X1Y30          LUT5 (Prop_lut5_I1_O)        0.124     4.251 r  Pico_Blazeee/Procesor/Registers/minusOp_carry__0_i_9/O
                         net (fo=2, routed)           0.816     5.067    Pico_Blazeee/Procesor/PC/PC/minusOp_carry__0
    SLICE_X0Y32          LUT6 (Prop_lut6_I3_O)        0.124     5.191 r  Pico_Blazeee/Procesor/PC/PC/minusOp_carry__0_i_14/O
                         net (fo=13, routed)          1.477     6.668    Pico_Blazeee/Procesor/PC/PC/minusOp_carry__0_i_14_n_0
    SLICE_X4Y29          LUT5 (Prop_lut5_I2_O)        0.150     6.818 r  Pico_Blazeee/Procesor/PC/PC/Data_out[6]_i_2/O
                         net (fo=4, routed)           0.449     7.267    Pico_Blazeee/Procesor/PC/PC/Data_out[6]_i_2_n_0
    SLICE_X4Y30          LUT5 (Prop_lut5_I4_O)        0.332     7.599 r  Pico_Blazeee/Procesor/PC/PC/Data_out[7]_i_5/O
                         net (fo=1, routed)           0.444     8.043    Pico_Blazeee/Procesor/PC/PC/Data_out[7]_i_5_n_0
    SLICE_X4Y30          LUT6 (Prop_lut6_I4_O)        0.124     8.167 r  Pico_Blazeee/Procesor/PC/PC/Data_out[7]_i_1/O
                         net (fo=1, routed)           0.000     8.167    Pico_Blazeee/Output/Buffer_digits/D[7]
    SLICE_X4Y30          FDCE                                         r  Pico_Blazeee/Output/Buffer_digits/Data_out_reg[7]/D
  -------------------------------------------------------------------    -------------------

                         (clock sys_clk_pin rise edge)
                                                      0.000     0.000 r  
    W5                                                0.000     0.000 r  CLK (IN)
                         net (fo=0)                   0.000     0.000    CLK
    W5                   IBUF (Prop_ibuf_I_O)         1.388     1.388 r  CLK_IBUF_inst/O
                         net (fo=1, routed)           1.862     3.250    CLK_IBUF
    BUFGCTRL_X0Y1        BUFG (Prop_bufg_I_O)         0.091     3.341 r  CLK_IBUF_BUFG_inst/O
                         net (fo=64, routed)          1.506     4.847    Pico_Blazeee/Output/Buffer_digits/CLK
    SLICE_X4Y30          FDCE                                         r  Pico_Blazeee/Output/Buffer_digits/Data_out_reg[7]/C

Slack:                    inf
  Source:                 Pico_Blazeee/Procesor/PC/PC/Q_aux_reg[7]/C
                            (rising edge-triggered cell FDCE)
  Destination:            Pico_Blazeee/Output/Buffer_digits/Data_out_reg[6]/D
                            (rising edge-triggered cell FDCE clocked by sys_clk_pin  {rise@0.000ns fall@5.000ns period=10.000ns})
  Path Group:             (none)
  Path Type:              Setup (Max at Slow Process Corner)
  Data Path Delay:        7.673ns  (logic 1.335ns (17.399%)  route 6.338ns (82.601%))
  Logic Levels:           7  (FDCE=1 LUT4=1 LUT5=3 LUT6=2)
  Clock Uncertainty:      0.025ns  ((TSJ^2 + TIJ^2)^1/2 + DJ) / 2 + PE
    Total System Jitter     (TSJ):    0.050ns
    Total Input Jitter      (TIJ):    0.000ns
    Discrete Jitter          (DJ):    0.000ns
    Phase Error              (PE):    0.000ns

    Location             Delay type                Incr(ns)  Path(ns)    Netlist Resource(s)
  -------------------------------------------------------------------    -------------------
    SLICE_X0Y23          FDCE                         0.000     0.000 r  Pico_Blazeee/Procesor/PC/PC/Q_aux_reg[7]/C
    SLICE_X0Y23          FDCE (Prop_fdce_C_Q)         0.419     0.419 f  Pico_Blazeee/Procesor/PC/PC/Q_aux_reg[7]/Q
                         net (fo=4, routed)           1.037     1.456    Pico_Blazeee/Procesor/PC/PC/Q[7]
    SLICE_X0Y23          LUT4 (Prop_lut4_I0_O)        0.296     1.752 r  Pico_Blazeee/Procesor/PC/PC/S_Register[1][7]_i_3/O
                         net (fo=21, routed)          1.508     3.261    Pico_Blazeee/Procesor/PC/PC/S_Register[1][7]_i_3_n_0
    SLICE_X1Y27          LUT5 (Prop_lut5_I3_O)        0.124     3.385 r  Pico_Blazeee/Procesor/PC/PC/Q_aux[1]_i_2/O
                         net (fo=19, routed)          0.943     4.328    Pico_Blazeee/Procesor/Registers/Data_out[0]_i_2
    SLICE_X3Y30          LUT5 (Prop_lut5_I1_O)        0.124     4.452 f  Pico_Blazeee/Procesor/Registers/First_digit0__0_carry_i_7/O
                         net (fo=1, routed)           0.806     5.258    Pico_Blazeee/Procesor/PC/PC/First_digit0__0_carry
    SLICE_X3Y29          LUT6 (Prop_lut6_I3_O)        0.124     5.382 r  Pico_Blazeee/Procesor/PC/PC/First_digit0__0_carry_i_2/O
                         net (fo=13, routed)          0.862     6.244    Pico_Blazeee/Procesor/PC/PC/S_Register_reg[10][3]
    SLICE_X4Y30          LUT6 (Prop_lut6_I5_O)        0.124     6.368 r  Pico_Blazeee/Procesor/PC/PC/Data_out[7]_i_6/O
                         net (fo=6, routed)           1.181     7.549    Pico_Blazeee/Procesor/PC/PC/Data_out[7]_i_6_n_0
    SLICE_X4Y29          LUT5 (Prop_lut5_I3_O)        0.124     7.673 r  Pico_Blazeee/Procesor/PC/PC/Data_out[6]_i_1/O
                         net (fo=1, routed)           0.000     7.673    Pico_Blazeee/Output/Buffer_digits/D[6]
    SLICE_X4Y29          FDCE                                         r  Pico_Blazeee/Output/Buffer_digits/Data_out_reg[6]/D
  -------------------------------------------------------------------    -------------------

                         (clock sys_clk_pin rise edge)
                                                      0.000     0.000 r  
    W5                                                0.000     0.000 r  CLK (IN)
                         net (fo=0)                   0.000     0.000    CLK
    W5                   IBUF (Prop_ibuf_I_O)         1.388     1.388 r  CLK_IBUF_inst/O
                         net (fo=1, routed)           1.862     3.250    CLK_IBUF
    BUFGCTRL_X0Y1        BUFG (Prop_bufg_I_O)         0.091     3.341 r  CLK_IBUF_BUFG_inst/O
                         net (fo=64, routed)          1.506     4.847    Pico_Blazeee/Output/Buffer_digits/CLK
    SLICE_X4Y29          FDCE                                         r  Pico_Blazeee/Output/Buffer_digits/Data_out_reg[6]/C

Slack:                    inf
  Source:                 Pico_Blazeee/Procesor/PC/PC/Q_aux_reg[7]/C
                            (rising edge-triggered cell FDCE)
  Destination:            Pico_Blazeee/Output/Buffer_digits/Data_out_reg[5]/D
                            (rising edge-triggered cell FDCE clocked by sys_clk_pin  {rise@0.000ns fall@5.000ns period=10.000ns})
  Path Group:             (none)
  Path Type:              Setup (Max at Slow Process Corner)
  Data Path Delay:        7.342ns  (logic 1.363ns (18.565%)  route 5.979ns (81.435%))
  Logic Levels:           7  (FDCE=1 LUT2=1 LUT4=1 LUT5=2 LUT6=2)
  Clock Uncertainty:      0.025ns  ((TSJ^2 + TIJ^2)^1/2 + DJ) / 2 + PE
    Total System Jitter     (TSJ):    0.050ns
    Total Input Jitter      (TIJ):    0.000ns
    Discrete Jitter          (DJ):    0.000ns
    Phase Error              (PE):    0.000ns

    Location             Delay type                Incr(ns)  Path(ns)    Netlist Resource(s)
  -------------------------------------------------------------------    -------------------
    SLICE_X0Y23          FDCE                         0.000     0.000 r  Pico_Blazeee/Procesor/PC/PC/Q_aux_reg[7]/C
    SLICE_X0Y23          FDCE (Prop_fdce_C_Q)         0.419     0.419 f  Pico_Blazeee/Procesor/PC/PC/Q_aux_reg[7]/Q
                         net (fo=4, routed)           1.037     1.456    Pico_Blazeee/Procesor/PC/PC/Q[7]
    SLICE_X0Y23          LUT4 (Prop_lut4_I0_O)        0.296     1.752 r  Pico_Blazeee/Procesor/PC/PC/S_Register[1][7]_i_3/O
                         net (fo=21, routed)          1.508     3.261    Pico_Blazeee/Procesor/PC/PC/S_Register[1][7]_i_3_n_0
    SLICE_X1Y27          LUT5 (Prop_lut5_I3_O)        0.124     3.385 r  Pico_Blazeee/Procesor/PC/PC/Q_aux[1]_i_2/O
                         net (fo=19, routed)          1.351     4.736    Pico_Blazeee/Procesor/Registers/Data_out[0]_i_2
    SLICE_X4Y31          LUT5 (Prop_lut5_I1_O)        0.124     4.860 r  Pico_Blazeee/Procesor/Registers/First_digit0__0_carry_i_8/O
                         net (fo=2, routed)           0.456     5.316    Pico_Blazeee/Procesor/PC/PC/First_digit0__0_carry_0
    SLICE_X4Y31          LUT6 (Prop_lut6_I3_O)        0.124     5.440 r  Pico_Blazeee/Procesor/PC/PC/minusOp_carry__0_i_12/O
                         net (fo=11, routed)          0.829     6.269    Pico_Blazeee/Procesor/PC/PC/S_Register_reg[10][7]_0[0]
    SLICE_X5Y29          LUT6 (Prop_lut6_I5_O)        0.124     6.393 r  Pico_Blazeee/Procesor/PC/PC/Data_out[5]_i_2/O
                         net (fo=1, routed)           0.797     7.190    Pico_Blazeee/Procesor/PC/PC/Data_out[5]_i_2_n_0
    SLICE_X5Y28          LUT2 (Prop_lut2_I0_O)        0.152     7.342 r  Pico_Blazeee/Procesor/PC/PC/Data_out[5]_i_1/O
                         net (fo=1, routed)           0.000     7.342    Pico_Blazeee/Output/Buffer_digits/D[5]
    SLICE_X5Y28          FDCE                                         r  Pico_Blazeee/Output/Buffer_digits/Data_out_reg[5]/D
  -------------------------------------------------------------------    -------------------

                         (clock sys_clk_pin rise edge)
                                                      0.000     0.000 r  
    W5                                                0.000     0.000 r  CLK (IN)
                         net (fo=0)                   0.000     0.000    CLK
    W5                   IBUF (Prop_ibuf_I_O)         1.388     1.388 r  CLK_IBUF_inst/O
                         net (fo=1, routed)           1.862     3.250    CLK_IBUF
    BUFGCTRL_X0Y1        BUFG (Prop_bufg_I_O)         0.091     3.341 r  CLK_IBUF_BUFG_inst/O
                         net (fo=64, routed)          1.505     4.846    Pico_Blazeee/Output/Buffer_digits/CLK
    SLICE_X5Y28          FDCE                                         r  Pico_Blazeee/Output/Buffer_digits/Data_out_reg[5]/C

Slack:                    inf
  Source:                 RST
                            (input port)
  Destination:            Segmed7print/CLK_small/count_reg[17]/CLR
                            (recovery check against rising-edge clock sys_clk_pin  {rise@0.000ns fall@5.000ns period=10.000ns})
  Path Group:             (none)
  Path Type:              Recovery (Max at Slow Process Corner)
  Data Path Delay:        6.331ns  (logic 1.452ns (22.942%)  route 4.878ns (77.058%))
  Logic Levels:           1  (IBUF=1)
  Clock Path Skew:        4.785ns (DCD - SCD + CPR)
    Destination Clock Delay (DCD):    4.785ns
    Source Clock Delay      (SCD):    0.000ns
    Clock Pessimism Removal (CPR):    0.000ns
  Clock Uncertainty:      0.025ns  ((TSJ^2 + TIJ^2)^1/2 + DJ) / 2 + PE
    Total System Jitter     (TSJ):    0.050ns
    Total Input Jitter      (TIJ):    0.000ns
    Discrete Jitter          (DJ):    0.000ns
    Phase Error              (PE):    0.000ns

    Location             Delay type                Incr(ns)  Path(ns)    Netlist Resource(s)
  -------------------------------------------------------------------    -------------------
    U17                                               0.000     0.000 f  RST (IN)
                         net (fo=0)                   0.000     0.000    RST
    U17                  IBUF (Prop_ibuf_I_O)         1.452     1.452 f  RST_IBUF_inst/O
                         net (fo=151, routed)         4.878     6.331    Segmed7print/CLK_small/AR[0]
    SLICE_X35Y45         FDCE                                         f  Segmed7print/CLK_small/count_reg[17]/CLR
  -------------------------------------------------------------------    -------------------

                         (clock sys_clk_pin rise edge)
                                                      0.000     0.000 r  
    W5                                                0.000     0.000 r  CLK (IN)
                         net (fo=0)                   0.000     0.000    CLK
    W5                   IBUF (Prop_ibuf_I_O)         1.388     1.388 r  CLK_IBUF_inst/O
                         net (fo=1, routed)           1.862     3.250    CLK_IBUF
    BUFGCTRL_X0Y1        BUFG (Prop_bufg_I_O)         0.091     3.341 r  CLK_IBUF_BUFG_inst/O
                         net (fo=64, routed)          1.444     4.785    Segmed7print/CLK_small/CLK
    SLICE_X35Y45         FDCE                                         r  Segmed7print/CLK_small/count_reg[17]/C





Min Delay Paths
--------------------------------------------------------------------------------------
Slack:                    inf
  Source:                 Pico_Blazeee/Procesor/Interuptor/Hold_all_reg/C
                            (rising edge-triggered cell FDCE)
  Destination:            Pico_Blazeee/Output/Buffer_digits/Dont_print_reg/D
                            (rising edge-triggered cell FDCE clocked by sys_clk_pin  {rise@0.000ns fall@5.000ns period=10.000ns})
  Path Group:             (none)
  Path Type:              Hold (Min at Fast Process Corner)
  Data Path Delay:        0.526ns  (logic 0.141ns (26.807%)  route 0.385ns (73.193%))
  Logic Levels:           1  (FDCE=1)
  Clock Uncertainty:      0.025ns  ((TSJ^2 + TIJ^2)^1/2 + DJ) / 2 + PE
    Total System Jitter     (TSJ):    0.050ns
    Total Input Jitter      (TIJ):    0.000ns
    Discrete Jitter          (DJ):    0.000ns
    Phase Error              (PE):    0.000ns

    Location             Delay type                Incr(ns)  Path(ns)    Netlist Resource(s)
  -------------------------------------------------------------------    -------------------
    SLICE_X3Y22          FDCE                         0.000     0.000 r  Pico_Blazeee/Procesor/Interuptor/Hold_all_reg/C
    SLICE_X3Y22          FDCE (Prop_fdce_C_Q)         0.141     0.141 r  Pico_Blazeee/Procesor/Interuptor/Hold_all_reg/Q
                         net (fo=11, routed)          0.385     0.526    Pico_Blazeee/Output/Buffer_digits/Dont_print_reg_1
    SLICE_X6Y27          FDCE                                         r  Pico_Blazeee/Output/Buffer_digits/Dont_print_reg/D
  -------------------------------------------------------------------    -------------------

                         (clock sys_clk_pin rise edge)
                                                      0.000     0.000 r  
    W5                                                0.000     0.000 r  CLK (IN)
                         net (fo=0)                   0.000     0.000    CLK
    W5                   IBUF (Prop_ibuf_I_O)         0.414     0.414 r  CLK_IBUF_inst/O
                         net (fo=1, routed)           0.685     1.099    CLK_IBUF
    BUFGCTRL_X0Y1        BUFG (Prop_bufg_I_O)         0.029     1.128 r  CLK_IBUF_BUFG_inst/O
                         net (fo=64, routed)          0.851     1.978    Pico_Blazeee/Output/Buffer_digits/CLK
    SLICE_X6Y27          FDCE                                         r  Pico_Blazeee/Output/Buffer_digits/Dont_print_reg/C

Slack:                    inf
  Source:                 Pico_Blazeee/Procesor/Registers/S_Register_reg[10][2]/C
                            (rising edge-triggered cell FDCE)
  Destination:            Pico_Blazeee/Output/Buffer_digits/Data_out_reg[2]/D
                            (rising edge-triggered cell FDCE clocked by sys_clk_pin  {rise@0.000ns fall@5.000ns period=10.000ns})
  Path Group:             (none)
  Path Type:              Hold (Min at Fast Process Corner)
  Data Path Delay:        0.575ns  (logic 0.231ns (40.169%)  route 0.344ns (59.831%))
  Logic Levels:           3  (FDCE=1 LUT6=2)
  Clock Uncertainty:      0.025ns  ((TSJ^2 + TIJ^2)^1/2 + DJ) / 2 + PE
    Total System Jitter     (TSJ):    0.050ns
    Total Input Jitter      (TIJ):    0.000ns
    Discrete Jitter          (DJ):    0.000ns
    Phase Error              (PE):    0.000ns

    Location             Delay type                Incr(ns)  Path(ns)    Netlist Resource(s)
  -------------------------------------------------------------------    -------------------
    SLICE_X1Y30          FDCE                         0.000     0.000 r  Pico_Blazeee/Procesor/Registers/S_Register_reg[10][2]/C
    SLICE_X1Y30          FDCE (Prop_fdce_C_Q)         0.141     0.141 r  Pico_Blazeee/Procesor/Registers/S_Register_reg[10][2]/Q
                         net (fo=1, routed)           0.104     0.245    Pico_Blazeee/Procesor/PC/PC/Data_out_reg[9][2]
    SLICE_X1Y29          LUT6 (Prop_lut6_I0_O)        0.045     0.290 r  Pico_Blazeee/Procesor/PC/PC/Data_out[4]_i_3/O
                         net (fo=15, routed)          0.240     0.530    Pico_Blazeee/Procesor/PC/PC/S_Register[1][3]_i_5_n_0
    SLICE_X4Y28          LUT6 (Prop_lut6_I1_O)        0.045     0.575 r  Pico_Blazeee/Procesor/PC/PC/Data_out[2]_i_1/O
                         net (fo=1, routed)           0.000     0.575    Pico_Blazeee/Output/Buffer_digits/D[2]
    SLICE_X4Y28          FDCE                                         r  Pico_Blazeee/Output/Buffer_digits/Data_out_reg[2]/D
  -------------------------------------------------------------------    -------------------

                         (clock sys_clk_pin rise edge)
                                                      0.000     0.000 r  
    W5                                                0.000     0.000 r  CLK (IN)
                         net (fo=0)                   0.000     0.000    CLK
    W5                   IBUF (Prop_ibuf_I_O)         0.414     0.414 r  CLK_IBUF_inst/O
                         net (fo=1, routed)           0.685     1.099    CLK_IBUF
    BUFGCTRL_X0Y1        BUFG (Prop_bufg_I_O)         0.029     1.128 r  CLK_IBUF_BUFG_inst/O
                         net (fo=64, routed)          0.852     1.979    Pico_Blazeee/Output/Buffer_digits/CLK
    SLICE_X4Y28          FDCE                                         r  Pico_Blazeee/Output/Buffer_digits/Data_out_reg[2]/C

Slack:                    inf
  Source:                 Pico_Blazeee/Procesor/Registers/S_Register_reg[10][2]/C
                            (rising edge-triggered cell FDCE)
  Destination:            Pico_Blazeee/Output/Buffer_digits/Data_out_reg[3]/D
                            (rising edge-triggered cell FDCE clocked by sys_clk_pin  {rise@0.000ns fall@5.000ns period=10.000ns})
  Path Group:             (none)
  Path Type:              Hold (Min at Fast Process Corner)
  Data Path Delay:        0.576ns  (logic 0.231ns (40.099%)  route 0.345ns (59.901%))
  Logic Levels:           3  (FDCE=1 LUT6=2)
  Clock Uncertainty:      0.025ns  ((TSJ^2 + TIJ^2)^1/2 + DJ) / 2 + PE
    Total System Jitter     (TSJ):    0.050ns
    Total Input Jitter      (TIJ):    0.000ns
    Discrete Jitter          (DJ):    0.000ns
    Phase Error              (PE):    0.000ns

    Location             Delay type                Incr(ns)  Path(ns)    Netlist Resource(s)
  -------------------------------------------------------------------    -------------------
    SLICE_X1Y30          FDCE                         0.000     0.000 r  Pico_Blazeee/Procesor/Registers/S_Register_reg[10][2]/C
    SLICE_X1Y30          FDCE (Prop_fdce_C_Q)         0.141     0.141 r  Pico_Blazeee/Procesor/Registers/S_Register_reg[10][2]/Q
                         net (fo=1, routed)           0.104     0.245    Pico_Blazeee/Procesor/PC/PC/Data_out_reg[9][2]
    SLICE_X1Y29          LUT6 (Prop_lut6_I0_O)        0.045     0.290 r  Pico_Blazeee/Procesor/PC/PC/Data_out[4]_i_3/O
                         net (fo=15, routed)          0.241     0.531    Pico_Blazeee/Procesor/PC/PC/S_Register[1][3]_i_5_n_0
    SLICE_X4Y28          LUT6 (Prop_lut6_I1_O)        0.045     0.576 r  Pico_Blazeee/Procesor/PC/PC/Data_out[3]_i_1/O
                         net (fo=1, routed)           0.000     0.576    Pico_Blazeee/Output/Buffer_digits/D[3]
    SLICE_X4Y28          FDCE                                         r  Pico_Blazeee/Output/Buffer_digits/Data_out_reg[3]/D
  -------------------------------------------------------------------    -------------------

                         (clock sys_clk_pin rise edge)
                                                      0.000     0.000 r  
    W5                                                0.000     0.000 r  CLK (IN)
                         net (fo=0)                   0.000     0.000    CLK
    W5                   IBUF (Prop_ibuf_I_O)         0.414     0.414 r  CLK_IBUF_inst/O
                         net (fo=1, routed)           0.685     1.099    CLK_IBUF
    BUFGCTRL_X0Y1        BUFG (Prop_bufg_I_O)         0.029     1.128 r  CLK_IBUF_BUFG_inst/O
                         net (fo=64, routed)          0.852     1.979    Pico_Blazeee/Output/Buffer_digits/CLK
    SLICE_X4Y28          FDCE                                         r  Pico_Blazeee/Output/Buffer_digits/Data_out_reg[3]/C

Slack:                    inf
  Source:                 Pico_Blazeee/Procesor/Registers/S_Register_reg[10][0]/C
                            (rising edge-triggered cell FDCE)
  Destination:            Pico_Blazeee/Output/Buffer_digits/Data_out_reg[0]/D
                            (rising edge-triggered cell FDCE clocked by sys_clk_pin  {rise@0.000ns fall@5.000ns period=10.000ns})
  Path Group:             (none)
  Path Type:              Hold (Min at Fast Process Corner)
  Data Path Delay:        0.578ns  (logic 0.231ns (39.960%)  route 0.347ns (60.040%))
  Logic Levels:           3  (FDCE=1 LUT2=1 LUT6=1)
  Clock Uncertainty:      0.025ns  ((TSJ^2 + TIJ^2)^1/2 + DJ) / 2 + PE
    Total System Jitter     (TSJ):    0.050ns
    Total Input Jitter      (TIJ):    0.000ns
    Discrete Jitter          (DJ):    0.000ns
    Phase Error              (PE):    0.000ns

    Location             Delay type                Incr(ns)  Path(ns)    Netlist Resource(s)
  -------------------------------------------------------------------    -------------------
    SLICE_X1Y30          FDCE                         0.000     0.000 r  Pico_Blazeee/Procesor/Registers/S_Register_reg[10][0]/C
    SLICE_X1Y30          FDCE (Prop_fdce_C_Q)         0.141     0.141 r  Pico_Blazeee/Procesor/Registers/S_Register_reg[10][0]/Q
                         net (fo=1, routed)           0.195     0.336    Pico_Blazeee/Procesor/PC/PC/Data_out_reg[9][0]
    SLICE_X1Y28          LUT6 (Prop_lut6_I0_O)        0.045     0.381 r  Pico_Blazeee/Procesor/PC/PC/Data_out[0]_i_2/O
                         net (fo=5, routed)           0.152     0.533    Pico_Blazeee/Procesor/PC/PC/S_Register[1][3]_i_7_n_0
    SLICE_X5Y28          LUT2 (Prop_lut2_I1_O)        0.045     0.578 r  Pico_Blazeee/Procesor/PC/PC/Data_out[0]_i_1/O
                         net (fo=1, routed)           0.000     0.578    Pico_Blazeee/Output/Buffer_digits/D[0]
    SLICE_X5Y28          FDCE                                         r  Pico_Blazeee/Output/Buffer_digits/Data_out_reg[0]/D
  -------------------------------------------------------------------    -------------------

                         (clock sys_clk_pin rise edge)
                                                      0.000     0.000 r  
    W5                                                0.000     0.000 r  CLK (IN)
                         net (fo=0)                   0.000     0.000    CLK
    W5                   IBUF (Prop_ibuf_I_O)         0.414     0.414 r  CLK_IBUF_inst/O
                         net (fo=1, routed)           0.685     1.099    CLK_IBUF
    BUFGCTRL_X0Y1        BUFG (Prop_bufg_I_O)         0.029     1.128 r  CLK_IBUF_BUFG_inst/O
                         net (fo=64, routed)          0.852     1.979    Pico_Blazeee/Output/Buffer_digits/CLK
    SLICE_X5Y28          FDCE                                         r  Pico_Blazeee/Output/Buffer_digits/Data_out_reg[0]/C

Slack:                    inf
  Source:                 Pico_Blazeee/Procesor/Registers/S_Register_reg[10][2]/C
                            (rising edge-triggered cell FDCE)
  Destination:            Pico_Blazeee/Output/Buffer_digits/Data_out_reg[1]/D
                            (rising edge-triggered cell FDCE clocked by sys_clk_pin  {rise@0.000ns fall@5.000ns period=10.000ns})
  Path Group:             (none)
  Path Type:              Hold (Min at Fast Process Corner)
  Data Path Delay:        0.594ns  (logic 0.231ns (38.903%)  route 0.363ns (61.097%))
  Logic Levels:           3  (FDCE=1 LUT6=2)
  Clock Uncertainty:      0.025ns  ((TSJ^2 + TIJ^2)^1/2 + DJ) / 2 + PE
    Total System Jitter     (TSJ):    0.050ns
    Total Input Jitter      (TIJ):    0.000ns
    Discrete Jitter          (DJ):    0.000ns
    Phase Error              (PE):    0.000ns

    Location             Delay type                Incr(ns)  Path(ns)    Netlist Resource(s)
  -------------------------------------------------------------------    -------------------
    SLICE_X1Y30          FDCE                         0.000     0.000 r  Pico_Blazeee/Procesor/Registers/S_Register_reg[10][2]/C
    SLICE_X1Y30          FDCE (Prop_fdce_C_Q)         0.141     0.141 r  Pico_Blazeee/Procesor/Registers/S_Register_reg[10][2]/Q
                         net (fo=1, routed)           0.104     0.245    Pico_Blazeee/Procesor/PC/PC/Data_out_reg[9][2]
    SLICE_X1Y29          LUT6 (Prop_lut6_I0_O)        0.045     0.290 r  Pico_Blazeee/Procesor/PC/PC/Data_out[4]_i_3/O
                         net (fo=15, routed)          0.259     0.549    Pico_Blazeee/Procesor/PC/PC/S_Register[1][3]_i_5_n_0
    SLICE_X4Y29          LUT6 (Prop_lut6_I3_O)        0.045     0.594 r  Pico_Blazeee/Procesor/PC/PC/Data_out[1]_i_1/O
                         net (fo=1, routed)           0.000     0.594    Pico_Blazeee/Output/Buffer_digits/D[1]
    SLICE_X4Y29          FDCE                                         r  Pico_Blazeee/Output/Buffer_digits/Data_out_reg[1]/D
  -------------------------------------------------------------------    -------------------

                         (clock sys_clk_pin rise edge)
                                                      0.000     0.000 r  
    W5                                                0.000     0.000 r  CLK (IN)
                         net (fo=0)                   0.000     0.000    CLK
    W5                   IBUF (Prop_ibuf_I_O)         0.414     0.414 r  CLK_IBUF_inst/O
                         net (fo=1, routed)           0.685     1.099    CLK_IBUF
    BUFGCTRL_X0Y1        BUFG (Prop_bufg_I_O)         0.029     1.128 r  CLK_IBUF_BUFG_inst/O
                         net (fo=64, routed)          0.853     1.980    Pico_Blazeee/Output/Buffer_digits/CLK
    SLICE_X4Y29          FDCE                                         r  Pico_Blazeee/Output/Buffer_digits/Data_out_reg[1]/C

Slack:                    inf
  Source:                 Interupt_sw
                            (input port)
  Destination:            Pico_Blazeee/Procesor/Interuptor/Int_latch_reg/D
                            (rising edge-triggered cell FDCE clocked by sys_clk_pin  {rise@0.000ns fall@5.000ns period=10.000ns})
  Path Group:             (none)
  Path Type:              Hold (Min at Fast Process Corner)
  Data Path Delay:        0.606ns  (logic 0.222ns (36.640%)  route 0.384ns (63.360%))
  Logic Levels:           1  (IBUF=1)
  Clock Path Skew:        1.984ns (DCD - SCD - CPR)
    Destination Clock Delay (DCD):    1.984ns
    Source Clock Delay      (SCD):    0.000ns
    Clock Pessimism Removal (CPR):    -0.000ns

    Location             Delay type                Incr(ns)  Path(ns)    Netlist Resource(s)
  -------------------------------------------------------------------    -------------------
    T18                                               0.000     0.000 r  Interupt_sw (IN)
                         net (fo=0)                   0.000     0.000    Interupt_sw
    T18                  IBUF (Prop_ibuf_I_O)         0.222     0.222 r  Interupt_sw_IBUF_inst/O
                         net (fo=2, routed)           0.384     0.606    Pico_Blazeee/Procesor/Interuptor/Interupt_sw_IBUF
    SLICE_X0Y18          FDCE                                         r  Pico_Blazeee/Procesor/Interuptor/Int_latch_reg/D
  -------------------------------------------------------------------    -------------------

                         (clock sys_clk_pin rise edge)
                                                      0.000     0.000 r  
    W5                                                0.000     0.000 r  CLK (IN)
                         net (fo=0)                   0.000     0.000    CLK
    W5                   IBUF (Prop_ibuf_I_O)         0.414     0.414 r  CLK_IBUF_inst/O
                         net (fo=1, routed)           0.685     1.099    CLK_IBUF
    BUFGCTRL_X0Y1        BUFG (Prop_bufg_I_O)         0.029     1.128 r  CLK_IBUF_BUFG_inst/O
                         net (fo=64, routed)          0.857     1.984    Pico_Blazeee/Procesor/Interuptor/CLK
    SLICE_X0Y18          FDCE                                         r  Pico_Blazeee/Procesor/Interuptor/Int_latch_reg/C

Slack:                    inf
  Source:                 Pico_Blazeee/Procesor/Registers/S_Register_reg[10][2]/C
                            (rising edge-triggered cell FDCE)
  Destination:            Pico_Blazeee/Output/Buffer_digits/Data_out_reg[4]/D
                            (rising edge-triggered cell FDCE clocked by sys_clk_pin  {rise@0.000ns fall@5.000ns period=10.000ns})
  Path Group:             (none)
  Path Type:              Hold (Min at Fast Process Corner)
  Data Path Delay:        0.636ns  (logic 0.231ns (36.303%)  route 0.405ns (63.697%))
  Logic Levels:           3  (FDCE=1 LUT6=2)
  Clock Uncertainty:      0.025ns  ((TSJ^2 + TIJ^2)^1/2 + DJ) / 2 + PE
    Total System Jitter     (TSJ):    0.050ns
    Total Input Jitter      (TIJ):    0.000ns
    Discrete Jitter          (DJ):    0.000ns
    Phase Error              (PE):    0.000ns

    Location             Delay type                Incr(ns)  Path(ns)    Netlist Resource(s)
  -------------------------------------------------------------------    -------------------
    SLICE_X1Y30          FDCE                         0.000     0.000 r  Pico_Blazeee/Procesor/Registers/S_Register_reg[10][2]/C
    SLICE_X1Y30          FDCE (Prop_fdce_C_Q)         0.141     0.141 f  Pico_Blazeee/Procesor/Registers/S_Register_reg[10][2]/Q
                         net (fo=1, routed)           0.104     0.245    Pico_Blazeee/Procesor/PC/PC/Data_out_reg[9][2]
    SLICE_X1Y29          LUT6 (Prop_lut6_I0_O)        0.045     0.290 f  Pico_Blazeee/Procesor/PC/PC/Data_out[4]_i_3/O
                         net (fo=15, routed)          0.301     0.591    Pico_Blazeee/Procesor/PC/PC/S_Register[1][3]_i_5_n_0
    SLICE_X5Y28          LUT6 (Prop_lut6_I2_O)        0.045     0.636 r  Pico_Blazeee/Procesor/PC/PC/Data_out[4]_i_1/O
                         net (fo=1, routed)           0.000     0.636    Pico_Blazeee/Output/Buffer_digits/D[4]
    SLICE_X5Y28          FDCE                                         r  Pico_Blazeee/Output/Buffer_digits/Data_out_reg[4]/D
  -------------------------------------------------------------------    -------------------

                         (clock sys_clk_pin rise edge)
                                                      0.000     0.000 r  
    W5                                                0.000     0.000 r  CLK (IN)
                         net (fo=0)                   0.000     0.000    CLK
    W5                   IBUF (Prop_ibuf_I_O)         0.414     0.414 r  CLK_IBUF_inst/O
                         net (fo=1, routed)           0.685     1.099    CLK_IBUF
    BUFGCTRL_X0Y1        BUFG (Prop_bufg_I_O)         0.029     1.128 r  CLK_IBUF_BUFG_inst/O
                         net (fo=64, routed)          0.852     1.979    Pico_Blazeee/Output/Buffer_digits/CLK
    SLICE_X5Y28          FDCE                                         r  Pico_Blazeee/Output/Buffer_digits/Data_out_reg[4]/C

Slack:                    inf
  Source:                 Pico_Blazeee/Procesor/Registers/S_Register_reg[10][2]/C
                            (rising edge-triggered cell FDCE)
  Destination:            Pico_Blazeee/Output/Buffer_digits/Data_out_reg[7]/D
                            (rising edge-triggered cell FDCE clocked by sys_clk_pin  {rise@0.000ns fall@5.000ns period=10.000ns})
  Path Group:             (none)
  Path Type:              Hold (Min at Fast Process Corner)
  Data Path Delay:        0.674ns  (logic 0.276ns (40.968%)  route 0.398ns (59.032%))
  Logic Levels:           4  (FDCE=1 LUT6=3)
  Clock Uncertainty:      0.025ns  ((TSJ^2 + TIJ^2)^1/2 + DJ) / 2 + PE
    Total System Jitter     (TSJ):    0.050ns
    Total Input Jitter      (TIJ):    0.000ns
    Discrete Jitter          (DJ):    0.000ns
    Phase Error              (PE):    0.000ns

    Location             Delay type                Incr(ns)  Path(ns)    Netlist Resource(s)
  -------------------------------------------------------------------    -------------------
    SLICE_X1Y30          FDCE                         0.000     0.000 r  Pico_Blazeee/Procesor/Registers/S_Register_reg[10][2]/C
    SLICE_X1Y30          FDCE (Prop_fdce_C_Q)         0.141     0.141 f  Pico_Blazeee/Procesor/Registers/S_Register_reg[10][2]/Q
                         net (fo=1, routed)           0.104     0.245    Pico_Blazeee/Procesor/PC/PC/Data_out_reg[9][2]
    SLICE_X1Y29          LUT6 (Prop_lut6_I0_O)        0.045     0.290 f  Pico_Blazeee/Procesor/PC/PC/Data_out[4]_i_3/O
                         net (fo=15, routed)          0.235     0.525    Pico_Blazeee/Procesor/PC/PC/S_Register[1][3]_i_5_n_0
    SLICE_X4Y30          LUT6 (Prop_lut6_I1_O)        0.045     0.570 r  Pico_Blazeee/Procesor/PC/PC/Data_out[7]_i_4/O
                         net (fo=1, routed)           0.059     0.629    Pico_Blazeee/Procesor/PC/PC/Data_out[7]_i_4_n_0
    SLICE_X4Y30          LUT6 (Prop_lut6_I2_O)        0.045     0.674 r  Pico_Blazeee/Procesor/PC/PC/Data_out[7]_i_1/O
                         net (fo=1, routed)           0.000     0.674    Pico_Blazeee/Output/Buffer_digits/D[7]
    SLICE_X4Y30          FDCE                                         r  Pico_Blazeee/Output/Buffer_digits/Data_out_reg[7]/D
  -------------------------------------------------------------------    -------------------

                         (clock sys_clk_pin rise edge)
                                                      0.000     0.000 r  
    W5                                                0.000     0.000 r  CLK (IN)
                         net (fo=0)                   0.000     0.000    CLK
    W5                   IBUF (Prop_ibuf_I_O)         0.414     0.414 r  CLK_IBUF_inst/O
                         net (fo=1, routed)           0.685     1.099    CLK_IBUF
    BUFGCTRL_X0Y1        BUFG (Prop_bufg_I_O)         0.029     1.128 r  CLK_IBUF_BUFG_inst/O
                         net (fo=64, routed)          0.854     1.981    Pico_Blazeee/Output/Buffer_digits/CLK
    SLICE_X4Y30          FDCE                                         r  Pico_Blazeee/Output/Buffer_digits/Data_out_reg[7]/C

Slack:                    inf
  Source:                 RST
                            (input port)
  Destination:            Pico_Blazeee/Procesor/Interuptor/Int_latch_reg/CLR
                            (removal check against rising-edge clock sys_clk_pin  {rise@0.000ns fall@5.000ns period=10.000ns})
  Path Group:             (none)
  Path Type:              Removal (Min at Fast Process Corner)
  Data Path Delay:        0.684ns  (logic 0.221ns (32.232%)  route 0.464ns (67.768%))
  Logic Levels:           1  (IBUF=1)
  Clock Path Skew:        1.984ns (DCD - SCD - CPR)
    Destination Clock Delay (DCD):    1.984ns
    Source Clock Delay      (SCD):    0.000ns
    Clock Pessimism Removal (CPR):    -0.000ns

    Location             Delay type                Incr(ns)  Path(ns)    Netlist Resource(s)
  -------------------------------------------------------------------    -------------------
    U17                                               0.000     0.000 f  RST (IN)
                         net (fo=0)                   0.000     0.000    RST
    U17                  IBUF (Prop_ibuf_I_O)         0.221     0.221 f  RST_IBUF_inst/O
                         net (fo=151, routed)         0.464     0.684    Pico_Blazeee/Procesor/Interuptor/AR[0]
    SLICE_X0Y18          FDCE                                         f  Pico_Blazeee/Procesor/Interuptor/Int_latch_reg/CLR
  -------------------------------------------------------------------    -------------------

                         (clock sys_clk_pin rise edge)
                                                      0.000     0.000 r  
    W5                                                0.000     0.000 r  CLK (IN)
                         net (fo=0)                   0.000     0.000    CLK
    W5                   IBUF (Prop_ibuf_I_O)         0.414     0.414 r  CLK_IBUF_inst/O
                         net (fo=1, routed)           0.685     1.099    CLK_IBUF
    BUFGCTRL_X0Y1        BUFG (Prop_bufg_I_O)         0.029     1.128 r  CLK_IBUF_BUFG_inst/O
                         net (fo=64, routed)          0.857     1.984    Pico_Blazeee/Procesor/Interuptor/CLK
    SLICE_X0Y18          FDCE                                         r  Pico_Blazeee/Procesor/Interuptor/Int_latch_reg/C

Slack:                    inf
  Source:                 Pico_Blazeee/Procesor/Interuptor/Hold_all_reg/C
                            (rising edge-triggered cell FDCE)
  Destination:            Pico_Blazeee/Procesor/Interuptor/Int_latch_reg/CE
                            (rising edge-triggered cell FDCE clocked by sys_clk_pin  {rise@0.000ns fall@5.000ns period=10.000ns})
  Path Group:             (none)
  Path Type:              Hold (Min at Fast Process Corner)
  Data Path Delay:        0.775ns  (logic 0.186ns (23.996%)  route 0.589ns (76.005%))
  Logic Levels:           2  (FDCE=1 LUT2=1)
  Clock Uncertainty:      0.025ns  ((TSJ^2 + TIJ^2)^1/2 + DJ) / 2 + PE
    Total System Jitter     (TSJ):    0.050ns
    Total Input Jitter      (TIJ):    0.000ns
    Discrete Jitter          (DJ):    0.000ns
    Phase Error              (PE):    0.000ns

    Location             Delay type                Incr(ns)  Path(ns)    Netlist Resource(s)
  -------------------------------------------------------------------    -------------------
    SLICE_X3Y22          FDCE                         0.000     0.000 r  Pico_Blazeee/Procesor/Interuptor/Hold_all_reg/C
    SLICE_X3Y22          FDCE (Prop_fdce_C_Q)         0.141     0.141 r  Pico_Blazeee/Procesor/Interuptor/Hold_all_reg/Q
                         net (fo=11, routed)          0.459     0.600    Pico_Blazeee/Procesor/Interuptor/Hold_all_reg_0
    SLICE_X0Y18          LUT2 (Prop_lut2_I0_O)        0.045     0.645 r  Pico_Blazeee/Procesor/Interuptor/Int_latch_i_1/O
                         net (fo=1, routed)           0.130     0.775    Pico_Blazeee/Procesor/Interuptor/Int_latch_i_1_n_0
    SLICE_X0Y18          FDCE                                         r  Pico_Blazeee/Procesor/Interuptor/Int_latch_reg/CE
  -------------------------------------------------------------------    -------------------

                         (clock sys_clk_pin rise edge)
                                                      0.000     0.000 r  
    W5                                                0.000     0.000 r  CLK (IN)
                         net (fo=0)                   0.000     0.000    CLK
    W5                   IBUF (Prop_ibuf_I_O)         0.414     0.414 r  CLK_IBUF_inst/O
                         net (fo=1, routed)           0.685     1.099    CLK_IBUF
    BUFGCTRL_X0Y1        BUFG (Prop_bufg_I_O)         0.029     1.128 r  CLK_IBUF_BUFG_inst/O
                         net (fo=64, routed)          0.857     1.984    Pico_Blazeee/Procesor/Interuptor/CLK
    SLICE_X0Y18          FDCE                                         r  Pico_Blazeee/Procesor/Interuptor/Int_latch_reg/C





